Rk_x,Player,Age_x,Team,Pos,G_x,GS_x,MPG,FG,FGA,FG%,3P,3PA,3P%,2P,2PA,2P%,eFG%,FT,FTA,FT%,ORB,DRB,TRB,AST,STL,BLK,TOV,PF,PTS,Awards_x,Player-additional_x,Rk_y,Age_y,Pos_y,G_y,GS_y,MP_y,PER,TS%,3PAr,FTr,ORB%,DRB%,TRB%,AST%,STL%,BLK%,TOV%,USG%,OWS,DWS,WS,WS/48,OBPM,DBPM,BPM,VORP,Awards_y,Player-additional_y,Rk,Tm,Salary,VORP_norm,BPM_norm,TS%_norm,WS_norm,PTS_norm,MPG_norm,AST_norm,TRB_norm,PER_norm,STL_norm,BLK_norm,Score,ValuePerMillion
1.0,Luka Dončić,26.0,LAL,PG,64.0,64.0,35.8,10.8,22.8,0.476,4.0,10.8,0.366,6.9,11.9,0.575,0.563,7.9,10.1,0.78,0.6,7.1,7.7,8.3,1.6,0.5,4.0,2.4,33.5,MVP-4CPOY-8ASNBA1,doncilu01,37.0,26.0,PG,64.0,64.0,2289.0,27.9,0.616,0.476,0.443,2.2,22.5,12.7,40.5,2.2,1.4,12.8,38.1,6.6,2.9,9.5,0.199,8.0,1.3,9.3,6.6,MVP-4CPOY-8ASNBA1,doncilu01,22,LAL,45999660.0,0.8723404255319148,0.8736842105263158,0.7896995708154505,0.6607142857142857,1.0,0.9211469534050178,0.8181818181818182,0.9178082191780821,0.8806584362139916,0.6666666666666666,0.625,0.8639147874402721,0.22564569668360043
2.0,Shai Gilgeous-Alexander,27.0,OKC,PG,68.0,68.0,33.2,10.8,19.4,0.553,1.7,4.4,0.386,9.1,15.0,0.602,0.597,7.9,9.0,0.879,0.6,3.7,4.3,6.6,1.4,0.8,2.2,2.0,31.1,MVP-1CPOY-1ASNBA1,gilgesh01,45.0,27.0,PG,68.0,68.0,2259.0,30.8,0.665,0.226,0.465,1.9,11.7,7.0,35.0,2.0,2.3,8.7,33.4,11.1,4.1,15.2,0.323,8.7,3.0,11.7,7.8,MVP-1CPOY-1ASNBA1,gilgesh01,34,OKC,38333050.0,1.0,1.0,1.0,1.0,0.9213114754098362,0.8279569892473119,0.625,0.45205479452054786,1.0,0.5555555555555554,1.0,0.9534379223221107,0.26148003930656816
3.0,Anthony Edwards,24.0,MIN,SG,61.0,60.0,35.0,9.9,20.2,0.489,3.4,8.4,0.399,6.5,11.8,0.554,0.572,5.7,7.2,0.796,0.6,4.4,5.0,3.7,1.4,0.8,2.9,1.9,28.8,CPOY-3AS,edwaran01,60.0,24.0,SG,61.0,60.0,2137.0,21.8,0.617,0.418,0.355,1.9,13.4,7.8,17.6,1.9,2.0,10.9,31.5,3.9,2.7,6.5,0.147,4.7,-0.1,4.5,3.5,CPOY-3AS,edwaran01,23,MIN,45550512.0,0.8771929824561403,0.9516129032258066,0.6587677725118485,0.8172043010752689,1.0,1.0,0.5740740740740741,0.6896551724137931,0.9294871794871796,0.6666666666666666,0.6153846153846154,0.8830287199128677,0.23123066520289753
4.0,Jaylen Brown,29.0,BOS,SF,71.0,71.0,34.4,10.4,21.7,0.477,2.0,5.7,0.347,8.4,16.0,0.523,0.522,6.0,7.5,0.795,1.1,5.8,6.9,5.1,1.0,0.4,3.6,2.7,28.7,MVP-6ASNBA2,brownja02,22.0,29.0,SF,71.0,71.0,2443.0,22.0,0.573,0.262,0.347,3.7,18.1,11.1,25.9,1.5,1.1,12.7,36.2,3.5,3.4,6.9,0.135,3.5,-0.1,3.3,3.3,MVP-6ASNBA2,brownja02,9,BOS,53142264.0,0.6923076923076923,0.624,0.5290322580645158,0.6481481481481483,1.0,0.9236641221374046,0.6266666666666666,0.6222222222222222,0.6989795918367347,0.4444444444444445,0.30000000000000004,0.7168701001310914,0.18043671135810652
5.0,Tyrese Maxey,25.0,PHI,PG,70.0,70.0,38.0,9.9,21.4,0.462,3.1,8.6,0.367,6.8,12.9,0.525,0.536,5.3,6.0,0.892,0.3,3.8,4.1,6.6,1.9,0.8,2.4,2.2,28.3,CPOY-7ASNBA3,maxeyty01,8.0,25.0,PG,70.0,70.0,2661.0,21.9,0.588,0.399,0.278,1.0,11.0,5.9,28.9,2.4,1.9,9.2,29.4,5.9,2.8,8.7,0.156,5.0,0.5,5.4,4.9,CPOY-7ASNBA3,maxeyty01,37,PHI,37958760.0,0.6914893617021276,0.6684210526315789,0.6695278969957079,0.613095238095238,0.8295081967213115,1.0,0.625,0.42465753424657526,0.6337448559670781,0.8333333333333333,1.0,0.7439373302210867,0.2045750769604344
6.0,Kawhi Leonard,34.0,LAC,SF,65.0,65.0,32.1,9.8,19.4,0.505,2.6,6.8,0.387,7.1,12.5,0.569,0.573,5.7,6.4,0.892,1.1,5.3,6.4,3.6,1.9,0.4,2.0,1.2,27.9,MVP-7CPOY-10ASNBA2,leonaka01,66.0,34.0,SF,65.0,65.0,2085.0,27.9,0.629,0.354,0.331,4.1,18.6,11.5,21.0,2.9,1.2,8.4,33.5,6.5,2.7,9.2,0.212,7.4,0.6,8.0,5.3,MVP-7CPOY-10ASNBA2,leonaka01,14,LAC,50000000.0,1.0,1.0,0.8903225806451612,0.861111111111111,0.9677419354838709,0.83587786259542,0.4266666666666667,0.5666666666666668,1.0,0.9444444444444444,0.30000000000000004,0.935136187036581,0.2390415868564751
7.0,Donovan Mitchell,29.0,CLE,SG,70.0,70.0,33.5,9.7,20.0,0.483,3.2,8.8,0.364,6.5,11.2,0.577,0.563,5.3,6.1,0.865,0.7,3.8,4.5,5.7,1.5,0.3,2.8,2.3,27.9,MVP-7ASNBA2,mitchdo01,31.0,29.0,SG,70.0,70.0,2342.0,22.9,0.613,0.439,0.306,2.4,12.4,7.4,27.9,2.1,0.8,11.1,32.2,5.8,2.4,8.2,0.169,5.2,-0.2,5.1,4.2,MVP-7ASNBA2,mitchdo01,20,CLE,46394100.0,1.0,1.0,0.6398104265402845,1.0,0.9655172413793103,0.9382716049382716,0.9444444444444445,0.603448275862069,1.0,0.7222222222222222,0.23076923076923075,0.9196571224993625,0.23967053120446594
8.0,Nikola Jokić,30.0,DEN,C,65.0,65.0,34.8,9.9,17.4,0.569,1.7,4.5,0.38,8.2,12.9,0.636,0.618,6.1,7.4,0.831,3.0,9.9,12.9,10.7,1.4,0.8,3.7,2.7,27.7,MVP-2CPOY-6ASNBA1,jokicni01,43.0,30.0,C,65.0,65.0,2265.0,32.3,0.67,0.261,0.424,10.0,30.4,20.7,50.3,2.0,2.2,15.3,30.4,11.5,3.4,14.9,0.316,10.1,4.1,14.2,9.2,MVP-2CPOY-6ASNBA1,jokicni01,3,DEN,55224526.0,1.0,1.0,0.6015625000000001,1.0,1.0,1.0,1.0,1.0,1.0,1.0,0.23333333333333336,0.9417447916666668,0.23476669224748892
9.0,Giannis Antetokounmpo,31.0,MIL,PF,36.0,36.0,28.9,10.4,16.6,0.624,0.4,1.3,0.333,9.9,15.4,0.647,0.636,6.4,9.9,0.65,2.7,7.1,9.8,5.4,0.9,0.7,3.2,2.4,27.6,AS,antetgi01,270.0,31.0,PF,36.0,36.0,1039.0,32.6,0.658,0.075,0.597,10.7,27.4,19.2,38.7,1.6,2.3,13.2,37.0,3.9,1.1,5.0,0.231,7.7,1.8,9.5,3.0,AS,antetgi01,7,MIL,54126450.0,0.7647058823529411,1.0,0.8442622950819675,0.5543478260869565,1.0,0.7529880478087648,0.9090909090909091,0.8571428571428572,1.0,0.4666666666666666,0.3684210526315789,0.8169813532373259,0.20468936194599346
10.0,Joel Embiid,31.0,PHI,C,38.0,38.0,31.6,9.0,18.3,0.489,1.4,4.2,0.333,7.6,14.2,0.535,0.527,7.5,8.8,0.854,2.0,5.7,7.7,3.9,0.6,1.2,2.9,2.2,26.9,,embiijo01,231.0,31.0,C,38.0,38.0,1201.0,24.7,0.605,0.228,0.481,6.7,20.0,13.3,21.7,0.8,3.6,11.4,33.5,2.8,1.3,4.1,0.163,5.1,-0.2,4.9,2.1,,embiijo01,2,PHI,55224526.0,0.2828282828282829,0.5418719211822661,0.3476562499999999,0.2602739726027397,0.9672131147540983,0.869387755102041,0.3461538461538462,0.48514851485148514,0.656108597285068,0.3846153846153847,0.36666666666666664,0.5236605752367937,0.13054286277621766
11.0,Lauri Markkanen,28.0,UTA,PF,42.0,42.0,34.4,9.1,19.2,0.477,2.7,7.7,0.355,6.4,11.5,0.559,0.548,5.7,6.4,0.896,2.0,4.9,6.9,2.1,1.0,0.5,1.5,1.8,26.7,,markkla01,180.0,28.0,PF,42.0,42.0,1443.0,21.1,0.608,0.402,0.333,6.1,15.7,10.8,10.1,1.4,1.4,6.4,28.1,3.2,0.3,3.5,0.118,4.6,-2.0,2.6,1.6,,markkla01,19,UTA,46394100.0,0.4901960784313725,0.543046357615894,0.639344262295082,0.391304347826087,0.9648437499999999,0.9721115537848605,0.30909090909090914,0.5384615384615385,0.5708955223880597,0.5333333333333333,0.2631578947368421,0.615894135050186,0.16050729223085583
12.0,Stephen Curry,37.0,GSW,PG,43.0,41.0,30.9,8.7,18.6,0.468,4.4,11.3,0.393,4.3,7.3,0.584,0.587,4.7,5.1,0.923,0.4,3.2,3.6,4.7,1.1,0.4,2.8,1.7,26.6,AS,curryst01,208.0,37.0,PG,43.0,41.0,1329.0,22.6,0.637,0.606,0.277,1.4,11.7,6.5,27.0,1.8,1.2,11.9,32.5,2.9,1.2,4.1,0.147,6.3,-1.0,5.4,2.5,AS,curryst01,1,GSW,59606817.0,0.4361702127659574,0.6684210526315789,0.8798283261802574,0.33928571428571425,0.7737704918032787,0.7455197132616487,0.40909090909090906,0.3561643835616438,0.6625514403292182,0.3888888888888889,0.5,0.5831870542556461,0.14266630995779475
13.0,Devin Booker,29.0,PHO,SG,64.0,64.0,33.5,8.5,18.7,0.456,1.9,5.8,0.33,6.6,12.9,0.512,0.507,7.1,8.1,0.873,0.8,3.1,3.9,6.0,0.8,0.3,3.1,2.6,26.1,AS,bookede01,59.0,29.0,SG,64.0,64.0,2146.0,20.4,0.585,0.309,0.434,2.4,10.7,6.4,30.2,1.2,0.8,12.3,32.2,4.7,1.8,6.5,0.145,3.2,-1.0,2.2,2.3,AS,bookede01,10,PHO,53142264.0,0.6666666666666666,0.7661290322580646,0.5071090047393365,0.8172043010752689,0.896551724137931,0.9382716049382716,1.0,0.5,0.8397435897435898,0.33333333333333337,0.23076923076923075,0.7145653141038572,0.17985659508451354
14.0,Jalen Brunson,29.0,NYK,PG,74.0,74.0,35.0,9.3,19.9,0.467,2.6,7.1,0.369,6.7,12.8,0.522,0.533,4.8,5.7,0.841,0.4,2.9,3.3,6.8,0.8,0.1,2.4,2.3,26.0,CPOY-5ASNBA2,brunsja01,15.0,29.0,PG,74.0,74.0,2590.0,20.1,0.58,0.358,0.285,1.3,9.4,5.3,31.3,1.1,0.3,9.5,30.4,6.5,2.2,8.8,0.163,4.0,-0.9,3.1,3.3,CPOY-5ASNBA2,brunsja01,46,NYK,34944001.0,0.5212765957446809,0.5473684210526316,0.63519313304721,0.6190476190476191,0.7540983606557377,0.8924731182795699,0.6477272727272726,0.31506849315068486,0.5596707818930041,0.2222222222222222,0.125,0.5686672055661804,0.16001905486560522
15.0,Kevin Durant,37.0,HOU,SF,78.0,78.0,36.4,9.2,17.6,0.52,2.4,5.8,0.413,6.8,11.9,0.572,0.588,5.2,6.0,0.874,0.5,4.9,5.5,4.8,0.8,0.9,3.2,1.8,26.0,CPOY-9ASNBA2,duranke01,2.0,37.0,SF,78.0,78.0,2840.0,21.1,0.641,0.327,0.339,1.6,14.8,8.3,20.7,1.1,2.3,13.5,27.1,7.5,3.2,10.7,0.18,4.4,0.1,4.5,4.7,CPOY-9ASNBA2,duranke01,4,HOU,54708609.0,0.9076923076923078,0.72,0.967741935483871,1.0,0.8911290322580645,1.0,0.5866666666666666,0.4666666666666667,0.653061224489796,0.33333333333333337,0.8,0.8382780000337606,0.20946366415703857
16.0,Jamal Murray,28.0,DEN,PG,75.0,75.0,35.4,8.8,18.1,0.483,3.3,7.5,0.435,5.5,10.6,0.517,0.573,4.6,5.2,0.887,0.4,4.0,4.4,7.1,0.9,0.4,2.3,1.7,25.4,CPOY-2ASNBA3,murraja01,9.0,28.0,PG,75.0,75.0,2652.0,21.8,0.622,0.414,0.287,1.4,12.0,7.0,31.1,1.2,1.0,10.0,27.9,7.8,1.7,9.5,0.173,5.5,-1.4,4.1,4.1,CPOY-2ASNBA3,murraja01,18,DEN,46394100.0,0.6063829787234042,0.6,0.8154506437768239,0.6607142857142857,0.7344262295081967,0.9068100358422938,0.6818181818181818,0.4657534246575343,0.6296296296296297,0.27777777777777773,0.5,0.6401198885733528,0.16682073130904868
17.0,Victor Wembanyama,22.0,SAS,C,64.0,55.0,29.2,8.6,16.9,0.512,1.9,5.5,0.349,6.7,11.4,0.59,0.569,5.8,7.0,0.827,2.0,9.5,11.5,3.1,1.0,3.1,2.4,2.4,25.0,MVP-3DPOY-1ASNBA1DEF1,wembavi01,103.0,22.0,C,64.0,55.0,1866.0,29.9,0.626,0.324,0.417,7.7,33.9,21.2,17.6,1.7,9.4,10.8,32.4,5.0,5.0,10.0,0.257,6.5,4.2,10.7,6.0,MVP-3DPOY-1ASNBA1DEF1,wembavi01,138,SAS,13376880.0,0.6767676767676769,0.8275862068965517,0.42968749999999994,0.6643835616438356,0.889344262295082,0.7714285714285715,0.2692307692307693,0.8613861386138612,0.8914027149321267,0.6923076923076924,1.0,0.7645267977795761,0.2947825679415228
18.0,Deni Avdija,25.0,POR,SF,66.0,66.0,33.3,7.5,16.1,0.462,1.9,6.0,0.318,5.6,10.2,0.547,0.521,7.4,9.2,0.802,1.1,5.8,6.9,6.7,0.8,0.6,3.8,2.5,24.2,AS,avdijde01,55.0,25.0,SF,66.0,66.0,2199.0,20.3,0.6,0.369,0.573,3.6,19.0,11.2,32.2,1.1,1.7,16.0,29.3,4.5,2.4,7.0,0.152,3.7,0.6,4.3,3.5,AS,avdijde01,122,POR,14375000.0,0.7230769230769231,0.7040000000000001,0.7032258064516127,0.6574074074074074,0.8185483870967742,0.8816793893129771,0.84,0.6222222222222222,0.6122448979591837,0.33333333333333337,0.5,0.7021933871174628,0.26343870453925705
19.0,Michael Porter Jr.,27.0,BRK,SF,52.0,52.0,32.5,8.5,18.4,0.463,3.4,9.3,0.363,5.2,9.1,0.567,0.555,3.8,4.4,0.859,1.3,5.7,7.1,3.0,1.1,0.3,2.3,2.2,24.2,,portemi01,138.0,27.0,SF,52.0,52.0,1689.0,19.9,0.595,0.506,0.237,4.5,21.7,12.6,18.2,1.6,0.7,10.3,30.5,1.7,1.3,2.9,0.083,4.2,-1.2,3.0,2.1,,portemi01,35,BRK,38333050.0,0.5076923076923077,0.6,0.6709677419354836,0.2777777777777778,0.8185483870967742,0.851145038167939,0.3466666666666667,0.6444444444444444,0.5918367346938775,0.5000000000000001,0.19999999999999998,0.5855801864751103,0.16059517519896796
20.0,Pascal Siakam,31.0,IND,PF,62.0,62.0,33.2,9.0,18.6,0.484,1.7,4.7,0.358,7.3,13.9,0.527,0.529,4.2,6.1,0.693,1.4,5.2,6.6,3.8,1.1,0.4,2.2,2.4,24.0,AS,siakapa01,70.0,31.0,PF,62.0,62.0,2057.0,18.6,0.562,0.254,0.327,4.6,17.4,10.9,19.9,1.6,1.0,9.5,30.1,1.1,1.5,2.6,0.062,1.8,-1.0,0.7,1.4,AS,siakapa01,25,IND,45550512.0,0.45098039215686264,0.41721854304635764,0.4508196721311478,0.29347826086956524,0.859375,0.9243027888446216,0.6181818181818182,0.5054945054945055,0.47761194029850745,0.6000000000000001,0.2105263157894737,0.5431575374711289,0.1422317030773471
21.0,Cade Cunningham,24.0,DET,PG,64.0,64.0,33.9,8.6,18.6,0.461,2.0,5.7,0.342,6.6,12.9,0.514,0.513,4.8,6.0,0.812,0.9,4.7,5.5,9.9,1.4,0.8,3.7,3.1,23.9,MVP-5CPOY-4ASNBA1,cunnica01,57.0,24.0,PG,64.0,64.0,2172.0,21.6,0.564,0.308,0.321,2.9,15.2,9.2,45.2,2.0,2.5,14.8,30.5,4.2,3.6,7.9,0.174,4.8,1.5,6.3,4.6,MVP-5CPOY-4ASNBA1,cunnica01,16,DET,46394100.0,0.6595744680851063,0.7157894736842105,0.5665236051502143,0.5654761904761905,0.6852459016393442,0.8530465949820788,1.0,0.6164383561643835,0.6213991769547326,0.5555555555555554,1.0,0.6786492065297524,0.17686180191638523
22.0,James Harden,36.0,2TM,PG,70.0,70.0,34.8,7.0,16.0,0.434,3.1,8.2,0.375,3.9,7.9,0.495,0.529,6.6,7.5,0.884,0.6,4.2,4.8,8.0,1.1,0.4,3.5,2.0,23.6,,hardeja01,23.0,36.0,PG,70.0,70.0,2438.0,20.7,0.61,0.51,0.467,1.9,13.6,7.9,34.7,1.6,1.1,15.3,28.6,5.6,2.1,7.7,0.151,4.6,-0.8,3.9,3.6,,hardeja01,31,CLE,39182693.0,0.5531914893617021,0.5894736842105263,0.763948497854077,0.5535714285714286,0.6754098360655738,0.8853046594982078,0.7840909090909091,0.5205479452054794,0.5843621399176955,0.3888888888888889,0.5,0.6006682446431629,0.16374856600796917
23.0,Keyonte George,22.0,UTA,PG,54.0,54.0,33.1,7.4,16.3,0.456,2.5,6.7,0.371,5.0,9.6,0.515,0.532,6.2,7.0,0.892,0.4,3.3,3.7,6.1,1.1,0.3,3.1,2.2,23.6,,georgke01,116.0,22.0,PG,54.0,54.0,1786.0,18.5,0.609,0.41,0.429,1.4,10.9,6.0,28.4,1.5,0.8,13.7,27.9,3.1,0.1,3.3,0.088,3.0,-2.1,0.9,1.3,,georgke01,281,UTA,4278960.0,0.30851063829787234,0.431578947368421,0.7596566523605148,0.2916666666666667,0.6754098360655738,0.8243727598566308,0.5681818181818181,0.3698630136986301,0.49382716049382713,0.3888888888888889,0.37499999999999994,0.4675805497922299,0.32164637596058704
24.0,Austin Reaves,27.0,LAL,SG,51.0,45.0,34.5,7.3,14.9,0.49,2.3,6.4,0.36,5.0,8.5,0.588,0.567,6.3,7.3,0.871,0.6,4.1,4.7,5.5,1.1,0.4,3.0,2.2,23.3,,reaveau01,121.0,27.0,SG,51.0,45.0,1762.0,20.2,0.641,0.43,0.487,2.3,13.3,8.0,24.0,1.6,1.1,14.0,26.7,4.2,1.4,5.6,0.153,3.4,-0.6,2.8,2.1,,reaveau01,131,LAL,13937574.0,0.631578947368421,0.8145161290322581,0.7725118483412325,0.7204301075268817,0.789272030651341,0.9794238683127572,0.9074074074074074,0.6379310344827587,0.826923076923077,0.5000000000000001,0.3076923076923077,0.7070538648984082,0.2683735630213908
25.0,Jalen Johnson,24.0,ATL,SF,72.0,72.0,35.2,8.3,17.1,0.489,1.7,4.7,0.352,6.7,12.3,0.541,0.537,4.2,5.3,0.788,1.4,8.9,10.3,7.9,1.2,0.4,3.4,2.1,22.5,ASNBA3,johnsja05,18.0,24.0,SF,72.0,72.0,2532.0,20.4,0.581,0.278,0.311,4.3,27.8,15.9,33.5,1.7,1.1,14.9,27.0,3.6,3.9,7.5,0.141,2.8,1.4,4.2,4.0,ASNBA3,johnsja05,59,ATL,30000000.0,0.8,0.696,0.5806451612903223,0.7037037037037037,0.75,0.9541984732824429,1.0,1.0,0.6173469387755102,0.5555555555555556,0.30000000000000004,0.7160398385691523,0.21052581141857332
26.0,Paolo Banchero,23.0,ORL,PF,72.0,72.0,34.8,7.3,16.0,0.459,1.2,3.8,0.305,6.2,12.2,0.507,0.496,6.3,8.2,0.775,1.2,7.2,8.4,5.2,0.7,0.6,3.1,2.0,22.2,,banchpa01,20.0,23.0,PF,72.0,72.0,2502.0,17.6,0.566,0.239,0.512,3.8,23.4,13.5,23.4,1.0,1.4,13.6,27.6,2.0,3.0,5.0,0.095,1.4,0.0,1.4,2.1,,banchpa01,115,ORL,15334769.0,0.588235294117647,0.4635761589403974,0.4672131147540982,0.5543478260869565,0.7890624999999999,0.98804780876494,0.8727272727272727,0.7032967032967034,0.44029850746268656,0.3333333333333333,0.3157894736842105,0.5870188974126618,0.21501557059303641
27.0,Jayson Tatum,27.0,BOS,PF,16.0,16.0,32.6,7.4,17.9,0.411,2.9,8.9,0.329,4.4,9.0,0.493,0.493,4.1,4.9,0.823,0.5,9.5,10.0,5.3,1.4,0.2,2.4,1.6,21.8,,tatumja01,376.0,27.0,PF,16.0,16.0,522.0,20.3,0.541,0.498,0.275,1.7,31.3,16.8,25.1,2.1,0.6,10.8,30.0,0.6,1.0,1.6,0.148,2.9,1.8,4.8,0.9,,tatumja01,5,BOS,54126450.0,0.3529411764705882,0.6887417218543046,0.3647540983606559,0.18478260869565222,0.7734375,0.900398406374502,0.8909090909090908,0.8791208791208791,0.5410447761194029,0.7999999999999999,0.10526315789473685,0.518955475128354,0.13002091744381017
28.0,Norman Powell,32.0,MIA,SG,58.0,52.0,29.6,7.3,15.4,0.47,2.7,7.1,0.38,4.6,8.4,0.546,0.558,4.5,5.5,0.827,0.4,3.1,3.5,2.5,1.1,0.2,1.9,2.2,21.7,AS,powelno01,130.0,32.0,SG,58.0,52.0,1717.0,17.5,0.609,0.458,0.355,1.3,11.0,6.1,12.5,1.7,0.7,9.7,27.2,2.3,1.7,4.0,0.112,1.8,-0.3,1.6,1.5,AS,powelno01,90,MIA,20482758.0,0.5263157894736842,0.7177419354838711,0.6208530805687205,0.5483870967741936,0.7279693486590038,0.7777777777777778,0.3518518518518518,0.4310344827586207,0.6538461538461539,0.5000000000000001,0.15384615384615385,0.597006410428935,0.1977115117103555
29.0,Brandon Ingram,28.0,TOR,SF,77.0,77.0,33.8,8.0,16.7,0.477,1.8,4.6,0.382,6.2,12.1,0.512,0.529,3.8,4.6,0.82,0.8,4.8,5.6,3.7,0.8,0.7,2.4,1.9,21.5,AS,ingrabr01,13.0,28.0,SF,77.0,77.0,2604.0,16.3,0.573,0.274,0.276,2.7,16.1,9.4,16.8,1.1,2.0,11.5,26.9,1.5,3.1,4.6,0.084,1.0,-0.5,0.5,1.7,AS,ingrabr01,36,TOR,38095238.0,0.4461538461538461,0.4,0.5290322580645158,0.4351851851851852,0.7096774193548387,0.9007633587786259,0.44000000000000006,0.47777777777777775,0.4081632653061225,0.33333333333333337,0.6,0.5188213633235091,0.1425298453840245
30.0,Trey Murphy III,25.0,NOP,SF,66.0,66.0,35.5,7.5,15.9,0.47,3.2,8.6,0.379,4.2,7.3,0.577,0.572,3.3,3.7,0.886,1.0,4.8,5.7,3.8,1.5,0.4,1.8,2.1,21.5,,murphtr02,32.0,25.0,SF,66.0,66.0,2341.0,18.3,0.613,0.538,0.234,2.9,14.6,8.7,16.2,2.0,1.0,9.4,22.7,4.5,1.6,6.0,0.123,3.0,-0.6,2.4,2.6,,murphtr02,73,NOP,25000000.0,0.5846153846153845,0.552,0.7870967741935483,0.5648148148148149,0.7096774193548387,0.9656488549618321,0.4533333333333333,0.48888888888888893,0.5102040816326531,0.7222222222222222,0.30000000000000004,0.6197604099592386,0.19253939688233088
31.0,Julius Randle,31.0,MIN,PF,79.0,79.0,33.0,7.3,15.3,0.481,1.4,4.4,0.315,6.0,10.9,0.547,0.526,5.0,6.3,0.802,1.7,5.1,6.7,5.0,1.1,0.2,2.7,2.8,21.1,,randlju01,12.0,31.0,PF,79.0,79.0,2610.0,18.4,0.585,0.287,0.411,5.7,16.5,11.2,23.1,1.6,0.6,13.2,26.5,4.3,3.1,7.4,0.135,1.5,0.0,1.5,2.3,,randlju01,55,MIN,30864198.0,0.6274509803921567,0.47019867549668876,0.5450819672131146,0.8152173913043479,0.74609375,0.9163346613545816,0.8363636363636363,0.5164835164835165,0.4701492537313432,0.6000000000000001,0.10526315789473685,0.6119562449483972,0.17843387077195194
32.0,Cooper Flagg,19.0,DAL,SF,70.0,70.0,33.5,8.0,17.1,0.468,1.0,3.5,0.295,7.0,13.6,0.513,0.498,4.0,4.9,0.827,1.2,5.4,6.7,4.5,1.2,0.9,2.3,2.0,21.0,ROY-1,flaggco01,30.0,19.0,SF,70.0,70.0,2344.0,17.9,0.548,0.204,0.286,3.9,17.0,10.5,21.5,1.7,2.3,10.7,26.9,1.3,2.5,3.8,0.078,1.0,0.4,1.4,2.0,ROY-1,flaggco01,132,DAL,13825920.0,0.49230769230769234,0.47200000000000003,0.36774193548387124,0.36111111111111116,0.6895161290322581,0.8893129770992367,0.5466666666666666,0.6000000000000001,0.48979591836734687,0.5555555555555556,0.8,0.5550765889133673,0.21133335603131687
33.0,Zion Williamson,25.0,NOP,PF,62.0,55.0,29.7,7.8,13.0,0.6,0.0,0.1,0.25,7.8,13.0,0.601,0.6,5.4,7.5,0.716,2.0,3.7,5.7,3.2,1.0,0.5,2.0,2.3,21.0,,willizi01,109.0,25.0,PF,62.0,55.0,1841.0,22.6,0.644,0.005,0.576,7.2,13.5,10.3,17.7,1.6,1.7,11.1,25.7,5.0,1.0,6.1,0.159,3.5,-0.6,2.9,2.3,,willizi01,28,NOP,39446090.0,0.6274509803921567,0.5629139072847682,0.7868852459016396,0.6739130434782609,0.7421875,0.7848605577689243,0.5090909090909091,0.40659340659340665,0.6268656716417911,0.5333333333333333,0.2631578947368421,0.6391308047908608,0.1739162235626583
34.0,LeBron James,41.0,LAL,SF,60.0,60.0,33.2,7.9,15.3,0.515,1.3,4.1,0.317,6.6,11.3,0.586,0.557,3.9,5.3,0.737,0.7,5.4,6.1,7.2,1.2,0.6,3.0,1.4,20.9,AS,jamesle01,81.0,41.0,SF,60.0,60.0,1989.0,20.8,0.594,0.264,0.344,2.6,18.3,10.7,34.1,1.8,1.6,14.5,27.2,3.4,2.1,5.4,0.131,3.3,0.2,3.5,2.8,AS,jamesle01,12,LAL,52627153.0,0.6153846153846154,0.64,0.6645161290322579,0.5092592592592593,0.6854838709677419,0.8778625954198475,0.9066666666666666,0.5333333333333333,0.6377551020408164,0.5555555555555556,0.5,0.6356165767455915,0.16037833367916257
35.0,Nickeil Alexander-Walker,27.0,ATL,SG,78.0,71.0,33.4,7.0,15.3,0.459,3.2,8.1,0.399,3.8,7.3,0.525,0.564,3.6,3.9,0.902,0.7,2.8,3.4,3.7,1.3,0.5,2.1,2.2,20.8,MIP-1,alexani01,14.0,27.0,SG,78.0,71.0,2603.0,16.5,0.61,0.526,0.257,2.1,9.1,5.6,15.8,1.9,1.5,10.9,23.9,3.6,2.7,6.3,0.116,1.6,-0.4,1.2,2.1,MIP-1,alexani01,116,ATL,15161800.0,0.631578947368421,0.685483870967742,0.6255924170616115,0.795698924731183,0.6934865900383141,0.934156378600823,0.5740740740740741,0.41379310344827586,0.5897435897435898,0.6111111111111112,0.3846153846153846,0.654831406463749,0.24085495024439285
36.0,Shaedon Sharpe,22.0,POR,SG,50.0,42.0,29.4,7.8,17.4,0.452,2.1,6.1,0.337,5.8,11.2,0.514,0.511,3.1,3.9,0.787,1.0,3.3,4.3,2.6,1.4,0.1,2.9,2.0,20.8,,sharpsh01,171.0,22.0,SG,50.0,42.0,1471.0,15.3,0.546,0.353,0.227,3.7,12.4,8.0,15.4,2.3,0.4,13.3,30.5,-0.4,1.6,1.3,0.041,-0.4,-0.9,-1.4,0.2,,sharpsh01,194,POR,8399983.0,0.2982456140350877,0.4758064516129033,0.322274881516588,0.2580645161290323,0.6934865900383141,0.7695473251028806,0.37037037037037035,0.5689655172413793,0.5128205128205129,0.6666666666666666,0.07692307692307693,0.4466198026801974,0.20985507647491153
37.0,Franz Wagner,24.0,ORL,SF,34.0,32.0,30.0,7.2,14.9,0.481,1.4,4.1,0.345,5.8,10.8,0.533,0.529,4.8,5.8,0.823,1.3,3.9,5.2,3.3,0.9,0.3,1.7,2.1,20.6,,wagnefr01,274.0,24.0,SF,34.0,32.0,1019.0,19.2,0.588,0.274,0.391,4.7,14.8,9.7,18.2,1.5,1.0,8.9,27.0,1.8,1.1,2.8,0.134,2.6,-0.2,2.5,1.2,,wagnefr01,33,ORL,38661750.0,0.3692307692307692,0.56,0.6258064516129029,0.26851851851851855,0.6733870967741936,0.7557251908396947,0.38666666666666666,0.43333333333333335,0.5561224489795918,0.38888888888888884,0.19999999999999998,0.4874673859765674,0.13337545655443384
38.0,Tyler Herro,26.0,MIA,SG,33.0,28.0,31.3,7.5,15.6,0.48,2.5,6.7,0.378,4.9,8.9,0.556,0.561,3.0,3.3,0.917,0.4,4.4,4.8,4.1,0.7,0.4,1.9,1.9,20.5,,herroty01,271.0,26.0,SG,33.0,28.0,1033.0,17.1,0.602,0.431,0.21,1.4,14.6,7.9,19.7,1.0,1.0,10.2,24.7,1.4,1.0,2.4,0.112,2.4,-0.4,2.0,1.1,,herroty01,54,MIA,31000000.0,0.45614035087719296,0.7500000000000001,0.5876777251184835,0.37634408602150543,0.6819923371647509,0.8477366255144033,0.648148148148148,0.6551724137931034,0.6282051282051283,0.27777777777777773,0.3076923076923077,0.5537295291667044,0.16124973571348072
39.0,Anthony Davis,32.0,DAL,PF,20.0,20.0,31.3,8.5,16.7,0.506,0.5,1.9,0.27,8.0,14.9,0.535,0.521,3.0,4.1,0.728,3.1,8.0,11.1,2.8,1.1,1.7,2.1,2.1,20.4,,davisan02,358.0,32.0,PF,20.0,20.0,626.0,21.5,0.551,0.111,0.243,10.6,26.7,18.7,15.1,1.7,4.5,10.0,27.5,0.4,1.0,1.3,0.103,1.5,0.9,2.4,0.7,,davisan02,6,WAS,54126450.0,0.3137254901960784,0.5298013245033113,0.405737704918033,0.1521739130434783,0.7187499999999999,0.848605577689243,0.43636363636363634,1.0,0.585820895522388,0.6000000000000001,0.8947368421052632,0.5101788454589983,0.12782198998978928
40.0,Alperen Şengün,23.0,HOU,C,72.0,72.0,33.3,8.1,15.6,0.519,0.6,1.8,0.305,7.5,13.8,0.547,0.537,3.6,5.2,0.691,3.0,5.9,8.9,6.2,1.2,1.1,3.2,3.3,20.4,AS,sengual01,25.0,23.0,C,72.0,72.0,2398.0,21.4,0.569,0.117,0.335,10.1,19.4,14.8,28.9,1.8,3.0,15.0,26.6,4.4,3.6,8.0,0.161,2.7,1.5,4.2,3.7,AS,sengual01,47,HOU,33944954.0,0.44444444444444453,0.5073891625615765,0.20703124999999975,0.5273972602739726,0.7008196721311475,0.9387755102040817,0.5673076923076924,0.6039603960396039,0.5067873303167421,0.8461538461538461,0.3333333333333333,0.5397716992678787,0.15313800924543905
41.0,Dillon Brooks,30.0,PHO,SF,56.0,56.0,30.4,7.4,17.1,0.435,2.3,6.6,0.344,5.2,10.5,0.492,0.501,3.0,3.6,0.842,0.8,2.9,3.6,1.8,1.0,0.2,1.8,3.3,20.2,,brookdi01,133.0,30.0,SF,56.0,56.0,1702.0,14.1,0.54,0.385,0.211,2.7,10.8,6.6,9.6,1.7,0.5,8.6,28.6,0.4,1.6,2.1,0.058,-1.0,-1.3,-2.3,-0.1,,brookdi01,88,PHO,21124110.0,0.1692307692307692,0.17600000000000002,0.31612903225806477,0.20370370370370375,0.657258064516129,0.7709923664122137,0.18666666666666665,0.25555555555555554,0.29591836734693877,0.4444444444444445,0.1,0.32963769620961025,0.10806322800395862
42.0,Brandon Miller,23.0,CHO,SF,65.0,65.0,30.3,7.0,16.1,0.435,3.1,8.2,0.383,3.8,7.9,0.489,0.533,3.1,3.4,0.892,1.1,3.8,4.9,3.3,1.0,0.7,2.5,2.8,20.2,,millebr02,85.0,23.0,SF,65.0,65.0,1968.0,16.8,0.574,0.511,0.214,4.1,14.0,9.2,17.8,1.7,2.1,12.5,28.1,2.1,2.4,4.5,0.109,1.7,-0.1,1.6,1.8,,millebr02,149,CHO,11968800.0,0.46153846153846156,0.488,0.5354838709677416,0.42592592592592593,0.657258064516129,0.7671755725190841,0.38666666666666666,0.4000000000000001,0.43367346938775514,0.4444444444444445,0.6,0.5238089120733228,0.21101729175772876
43.0,Bam Adebayo,28.0,MIA,C,73.0,73.0,32.4,6.9,15.7,0.442,1.7,5.5,0.318,5.2,10.2,0.509,0.497,4.5,5.8,0.778,2.0,8.0,10.0,3.2,1.2,0.7,1.6,1.7,20.1,DPOY-11DEF2,adebaba01,29.0,28.0,C,73.0,73.0,2365.0,18.7,0.551,0.349,0.369,6.5,25.7,16.1,14.1,1.7,1.8,8.3,25.0,2.8,3.6,6.4,0.129,1.5,0.4,2.0,2.4,DPOY-11DEF2,adebaba01,40,MIA,37096620.0,0.31313131313131315,0.39901477832512317,0.1367187500000001,0.41780821917808225,0.6885245901639345,0.9020408163265307,0.2788461538461539,0.7128712871287128,0.38461538461538464,0.8461538461538461,0.19999999999999998,0.4507999755057202,0.12475349365926025
44.0,LaMelo Ball,24.0,CHO,PG,72.0,69.0,28.0,7.0,17.3,0.407,3.8,10.3,0.368,3.3,7.0,0.464,0.516,2.2,2.5,0.899,0.9,3.9,4.8,7.1,1.2,0.2,2.8,2.7,20.1,,ballla01,75.0,24.0,PG,72.0,69.0,2017.0,19.7,0.546,0.595,0.144,3.7,15.5,9.7,42.6,2.1,0.8,13.2,32.0,3.6,2.6,6.2,0.147,4.8,-0.1,4.7,3.4,,ballla01,38,CHO,37958760.0,0.5319148936170213,0.631578947368421,0.48927038626609454,0.4642857142857143,0.5606557377049181,0.6415770609318996,0.6818181818181818,0.5205479452054794,0.5432098765432098,0.44444444444444436,0.25,0.5302591229945117,0.14581577841151855
45.0,Desmond Bane,27.0,ORL,SG,82.0,82.0,33.6,7.1,14.7,0.484,2.0,5.2,0.391,5.1,9.5,0.535,0.553,3.8,4.2,0.908,1.2,2.9,4.1,4.1,1.0,0.5,2.0,3.1,20.1,,banede01,3.0,27.0,SG,82.0,82.0,2756.0,16.9,0.607,0.354,0.287,3.9,9.8,6.8,19.3,1.5,1.2,10.8,23.3,4.8,2.6,7.4,0.129,1.6,-0.2,1.4,2.3,,banede01,41,ORL,36725670.0,0.6666666666666666,0.7016129032258065,0.6113744075829385,0.913978494623656,0.6666666666666667,0.9423868312757202,0.648148148148148,0.5344827586206896,0.6153846153846153,0.4444444444444445,0.3846153846153846,0.6632063966548162,0.1840462939080519
46.0,Karl-Anthony Towns,30.0,NYK,C,75.0,75.0,31.0,6.9,13.8,0.501,1.5,4.1,0.368,5.4,9.7,0.557,0.556,4.8,5.5,0.858,3.1,8.7,11.9,3.0,0.9,0.5,2.5,3.4,20.1,AS,townska01,34.0,30.0,C,75.0,75.0,2322.0,22.0,0.619,0.297,0.403,11.2,31.7,21.4,14.7,1.4,1.8,13.3,25.9,5.5,4.0,9.5,0.197,2.7,0.6,3.3,3.1,AS,townska01,11,NYK,53142264.0,0.38383838383838387,0.4630541871921182,0.4023437499999999,0.6301369863013698,0.6885245901639345,0.8448979591836736,0.2596153846153847,0.900990099009901,0.5339366515837105,0.6153846153846155,0.13333333333333333,0.5030522684639538,0.12661861186046472
47.0,Jimmy Butler,36.0,GSW,SF,38.0,38.0,31.1,6.3,12.2,0.519,0.8,2.2,0.376,5.5,9.9,0.552,0.554,6.5,7.6,0.864,2.3,3.2,5.6,4.9,1.4,0.2,1.6,1.2,20.0,,butleji01,236.0,36.0,SF,38.0,38.0,1182.0,23.5,0.646,0.184,0.621,8.2,11.8,10.0,24.3,2.3,0.6,9.3,23.3,4.6,1.1,5.7,0.233,5.0,0.5,5.5,2.3,,butleji01,8,GSW,54126450.0,0.5384615384615384,0.8,1.0,0.5370370370370371,0.6491935483870969,0.7977099236641222,0.6,0.47777777777777775,0.7755102040816327,0.6666666666666666,0.1,0.6309219499155123,0.15807338913451718
49.0,Jalen Duren,22.0,DET,C,70.0,70.0,28.2,7.5,11.5,0.65,0.0,0.0,,7.5,11.5,0.65,0.65,4.6,6.1,0.747,3.8,6.7,10.5,2.0,0.8,0.8,1.9,2.8,19.5,DPOY-11ASNBA3,durenja01,84.0,22.0,C,70.0,70.0,1976.0,26.1,0.688,0.0,0.535,15.3,26.4,20.9,11.0,1.4,3.0,11.6,23.6,7.2,3.8,11.0,0.266,4.4,0.5,5.0,3.5,DPOY-11ASNBA3,durenja01,226,DET,6483144.0,0.4242424242424243,0.5467980295566504,0.6718749999999997,0.732876712328767,0.6639344262295082,0.7306122448979593,0.1634615384615385,0.7623762376237623,0.7194570135746609,0.5384615384615385,0.23333333333333336,0.5532551794949613,0.2959841261125166
50.0,Ja Morant,26.0,MEM,PG,20.0,20.0,28.5,6.6,16.1,0.41,1.0,4.3,0.235,5.6,11.9,0.473,0.441,5.3,5.9,0.897,0.4,2.9,3.3,8.1,1.0,0.3,3.6,2.0,19.5,,moranja01,365.0,26.0,PG,20.0,20.0,569.0,16.6,0.521,0.264,0.363,1.5,11.0,6.2,45.1,1.7,1.0,16.0,32.5,0.0,0.3,0.3,0.024,0.5,-2.0,-1.5,0.1,,moranja01,29,MEM,39446090.0,0.18085106382978725,0.30526315789473685,0.3819742489270387,0.1130952380952381,0.5409836065573771,0.6594982078853047,0.7954545454545454,0.31506849315068486,0.4156378600823046,0.33333333333333326,0.37499999999999994,0.3367297468616508,0.09162876440379267
51.0,Jaren Jackson Jr.,26.0,2TM,C,48.0,48.0,30.3,7.1,15.0,0.476,1.8,4.9,0.357,5.4,10.1,0.533,0.534,3.4,4.2,0.803,0.9,4.8,5.7,2.0,1.1,1.4,2.2,3.7,19.4,,jacksja02,176.0,26.0,C,48.0,48.0,1454.0,15.7,0.576,0.327,0.282,3.1,17.4,10.1,10.4,1.7,4.4,11.7,26.2,0.1,1.3,1.4,0.047,-1.1,0.5,-0.6,0.5,,jacksja02,43,UTA,35000000.0,0.12121212121212123,0.27093596059113306,0.23437499999999978,0.07534246575342465,0.6598360655737704,0.816326530612245,0.1634615384615385,0.2871287128712871,0.24886877828054302,0.7692307692307694,0.4333333333333333,0.3428023343726528,0.09641878332132842
52.0,RJ Barrett,25.0,TOR,SF,57.0,57.0,30.3,7.0,14.3,0.491,1.7,5.0,0.339,5.4,9.4,0.572,0.55,3.5,4.9,0.717,1.0,4.3,5.3,3.3,0.7,0.3,1.7,2.6,19.3,,barrerj01,128.0,25.0,SF,57.0,57.0,1726.0,17.0,0.585,0.347,0.342,3.6,16.3,9.9,16.8,1.2,1.1,9.5,25.8,2.0,2.0,4.0,0.111,1.0,-0.7,0.2,1.0,,barrerj01,63,TOR,27705357.0,0.3384615384615385,0.376,0.6064516129032256,0.37962962962962965,0.6209677419354839,0.7671755725190841,0.38666666666666666,0.4444444444444444,0.44387755102040816,0.27777777777777773,0.19999999999999998,0.43619457159216196,0.13131960053067782
53.0,Zach LaVine,30.0,SAC,SG,39.0,37.0,31.4,6.7,14.0,0.479,2.5,6.5,0.39,4.2,7.5,0.556,0.569,3.2,3.6,0.88,0.2,2.6,2.8,2.3,0.7,0.3,1.9,2.1,19.2,,lavinza01,228.0,30.0,SG,39.0,37.0,1224.0,14.7,0.614,0.464,0.26,0.7,9.4,4.9,11.2,1.1,0.8,10.8,23.7,1.3,0.0,1.3,0.051,0.6,-2.2,-1.5,0.2,,lavinza01,15,SAC,47499660.0,0.2982456140350877,0.467741935483871,0.6445497630331755,0.2580645161290323,0.632183908045977,0.8518518518518517,0.31481481481481477,0.31034482758620685,0.4743589743589744,0.27777777777777773,0.23076923076923075,0.43818349448381405,0.11349779437780982
54.0,Darius Garland,26.0,2TM,PG,45.0,43.0,29.9,6.9,14.9,0.46,2.7,6.8,0.396,4.2,8.1,0.514,0.551,2.3,2.7,0.861,0.4,2.0,2.4,6.7,1.0,0.2,2.9,1.9,18.8,,garlada01,205.0,26.0,PG,45.0,43.0,1344.0,17.1,0.582,0.458,0.182,1.5,7.4,4.5,34.9,1.6,0.6,15.2,27.4,1.7,0.9,2.6,0.092,2.2,-2.4,-0.2,0.6,,garlada01,30,LAC,39446090.0,0.23404255319148937,0.3736842105263158,0.6437768240343346,0.25,0.5180327868852459,0.7096774193548386,0.6363636363636362,0.19178082191780818,0.4362139917695474,0.33333333333333326,0.25,0.37585065005978213,0.10227409661995096
55.0,CJ McCollum,34.0,2TM,PG,76.0,60.0,29.8,6.9,15.2,0.455,2.5,6.7,0.375,4.4,8.5,0.519,0.538,2.4,3.1,0.772,0.8,2.5,3.3,3.9,0.8,0.5,1.8,1.9,18.7,,mccolcj01,44.0,34.0,PG,76.0,60.0,2264.0,15.9,0.566,0.442,0.205,2.9,9.2,6.0,19.7,1.3,1.4,9.7,25.7,1.9,1.0,3.0,0.063,1.4,-1.7,-0.3,1.0,,mccolcj01,58,ATL,30666666.0,0.2765957446808511,0.3684210526315789,0.5751072961373388,0.2738095238095238,0.5147540983606557,0.7060931899641578,0.3181818181818181,0.31506849315068486,0.3868312757201646,0.2222222222222222,0.625,0.3953961747522655,0.11550564269953781
56.0,De'Aaron Fox,28.0,SAS,PG,72.0,72.0,31.0,7.1,14.5,0.486,1.8,5.5,0.332,5.3,9.1,0.58,0.549,2.6,3.4,0.76,0.6,3.2,3.8,6.2,1.2,0.3,2.3,2.3,18.6,AS,foxde01,49.0,28.0,PG,72.0,72.0,2231.0,17.6,0.578,0.377,0.235,2.1,10.7,6.5,29.6,1.9,0.8,12.4,24.9,3.4,3.0,6.4,0.138,1.5,0.6,2.2,2.4,AS,foxde01,39,SAS,37096620.0,0.425531914893617,0.5,0.6266094420600856,0.47619047619047616,0.5114754098360657,0.7491039426523297,0.5795454545454545,0.38356164383561636,0.45679012345679015,0.44444444444444436,0.37499999999999994,0.48047767979302486,0.13296644284914033
57.0,Jerami Grant,31.0,POR,PF,57.0,38.0,29.7,5.8,12.8,0.453,2.4,6.1,0.389,3.4,6.7,0.513,0.547,4.6,5.6,0.814,1.0,2.5,3.5,2.1,0.7,0.6,2.1,2.5,18.6,,grantje01,136.0,31.0,PF,57.0,38.0,1695.0,15.4,0.608,0.479,0.441,3.5,9.3,6.3,11.0,1.2,1.9,12.0,23.8,2.6,1.4,4.0,0.114,0.9,-0.9,0.0,0.9,,grantje01,52,POR,32000001.0,0.3529411764705882,0.3708609271523179,0.639344262295082,0.44565217391304346,0.6484375,0.7848605577689243,0.30909090909090914,0.16483516483516483,0.35820895522388063,0.3333333333333333,0.3157894736842105,0.45207289005205537,0.1304406621435253
58.0,Kon Knueppel,20.0,CHO,SF,81.0,80.0,31.5,6.4,13.4,0.475,3.4,7.9,0.425,3.0,5.5,0.548,0.601,2.4,2.8,0.863,1.2,4.1,5.3,3.4,0.7,0.2,2.0,2.1,18.5,ROY-2,knuepko01,17.0,20.0,SF,81.0,80.0,2551.0,17.1,0.633,0.592,0.208,4.4,14.6,9.6,16.6,1.1,0.7,12.0,22.3,5.6,2.5,8.0,0.151,3.1,-0.4,2.8,3.1,ROY-2,knuepko01,174,CHO,10015680.0,0.6615384615384615,0.584,0.9161290322580644,0.75,0.5887096774193548,0.8129770992366413,0.4,0.4444444444444444,0.4489795918367348,0.27777777777777773,0.1,0.5954225516696301,0.2584128940123161
59.0,DeMar DeRozan,36.0,SAC,PF,77.0,77.0,31.2,6.5,13.1,0.497,0.6,1.9,0.32,5.9,11.1,0.527,0.52,4.9,5.6,0.868,0.5,2.5,2.9,4.1,1.0,0.3,1.2,1.9,18.4,,derozde01,24.0,36.0,PF,77.0,77.0,2406.0,17.8,0.594,0.146,0.429,1.6,9.1,5.3,20.0,1.6,0.9,7.4,22.8,5.2,0.4,5.6,0.112,0.9,-1.0,-0.1,1.1,,derozde01,78,SAC,24570000.0,0.392156862745098,0.3642384105960265,0.5819672131147541,0.6195652173913043,0.6406249999999999,0.844621513944223,0.6727272727272727,0.0989010989010989,0.44776119402985076,0.5333333333333333,0.15789473684210525,0.4834489631546581,0.1510057813015054
60.0,Amen Thompson,23.0,HOU,PG,79.0,79.0,37.4,7.1,13.2,0.534,0.3,1.5,0.216,6.7,11.7,0.573,0.545,3.8,4.9,0.779,3.0,4.8,7.8,5.3,1.5,0.6,2.4,2.2,18.3,DPOY-8,thompam01,1.0,23.0,PG,79.0,79.0,2953.0,18.9,0.594,0.111,0.374,8.9,14.0,11.5,20.4,2.0,1.5,13.5,20.0,6.5,3.8,10.3,0.167,1.6,1.0,2.6,3.4,DPOY-8,thompam01,177,HOU,9690600.0,0.5319148936170213,0.5210526315789474,0.6952789699570813,0.7083333333333334,0.5016393442622951,0.9784946236559139,0.4772727272727271,0.9315068493150683,0.5102880658436213,0.611111111111111,0.7499999999999999,0.5767930532635454,0.2539644859398413
61.0,Evan Mobley,24.0,CLE,PF,65.0,63.0,31.9,7.2,13.2,0.546,1.0,3.2,0.297,6.3,10.0,0.626,0.582,2.8,4.6,0.606,2.4,6.6,9.0,3.6,0.7,1.7,1.9,2.4,18.2,,mobleev01,67.0,24.0,PF,65.0,63.0,2074.0,20.0,0.596,0.243,0.346,8.3,22.7,15.5,16.8,1.1,5.2,11.0,22.6,3.6,2.9,6.5,0.15,1.8,1.2,3.0,2.6,,mobleev01,17,CLE,46394100.0,0.6862745098039215,0.5695364238410596,0.5901639344262295,0.717391304347826,0.6328124999999999,0.8725099601593624,0.5818181818181819,0.7692307692307693,0.5298507462686567,0.3333333333333333,0.8947368421052632,0.647104064160945,0.16864086734904837
62.0,Scottie Barnes,24.0,TOR,PF,80.0,80.0,33.5,7.1,14.0,0.507,0.9,2.8,0.304,6.3,11.2,0.557,0.537,3.0,3.7,0.815,1.9,5.6,7.5,5.9,1.4,1.5,2.6,2.6,18.1,DPOY-5ASDEF2,barnesc01,7.0,24.0,PF,80.0,80.0,2681.0,19.2,0.577,0.199,0.264,6.3,19.3,12.7,26.3,2.1,4.2,14.3,23.4,3.3,4.5,7.8,0.14,1.9,2.3,4.2,4.2,DPOY-5ASDEF2,barnesc01,32,TOR,38661750.0,1.0,0.6490066225165564,0.512295081967213,0.8586956521739131,0.62890625,0.9362549800796812,1.0,0.6043956043956045,0.49999999999999994,0.7999999999999999,0.7894736842105263,0.7855178821732224,0.21492475020997967
64.0,Jalen Green,23.0,PHO,SG,32.0,27.0,25.9,6.8,16.0,0.422,2.2,7.1,0.313,4.5,8.9,0.509,0.491,2.0,2.7,0.747,0.5,3.1,3.6,2.8,1.1,0.3,2.3,1.3,17.8,,greenja05,322.0,23.0,SG,32.0,27.0,828.0,14.8,0.516,0.443,0.17,2.1,13.9,7.8,18.6,2.0,0.9,11.6,31.9,-0.6,1.0,0.3,0.019,-0.2,-0.9,-1.1,0.2,,greenja05,48,PHO,33584499.0,0.2982456140350877,0.5,0.18009478672985801,0.15053763440860218,0.578544061302682,0.625514403292181,0.40740740740740733,0.4482758620689655,0.4807692307692309,0.5000000000000001,0.23076923076923075,0.40251750300973377,0.11454470716830926
65.0,Saddiq Bey,26.0,NOP,SF,72.0,64.0,31.2,6.1,13.4,0.451,2.1,5.7,0.367,4.0,7.7,0.514,0.529,3.4,4.1,0.841,1.7,3.9,5.6,2.5,0.9,0.1,0.9,1.3,17.7,,beysa01,47.0,26.0,SF,72.0,64.0,2246.0,17.1,0.579,0.426,0.305,5.7,13.5,9.6,11.9,1.4,0.3,5.8,21.6,4.5,1.0,5.4,0.116,2.3,-1.8,0.5,1.4,,beysa01,234,NOP,6118644.0,0.39999999999999997,0.4,0.5677419354838706,0.5092592592592593,0.5564516129032258,0.8015267175572519,0.28,0.47777777777777775,0.4489795918367348,0.38888888888888884,0.0,0.44955912182378216,0.2481913925035784
66.0,Bennedict Mathurin,23.0,2TM,SF,54.0,25.0,30.0,5.4,12.5,0.43,1.4,4.4,0.315,4.0,8.1,0.492,0.485,5.4,6.2,0.869,1.0,4.4,5.4,2.4,0.8,0.2,2.2,2.5,17.6,,mathube01,144.0,23.0,SF,54.0,25.0,1620.0,14.7,0.575,0.352,0.496,3.9,16.5,10.2,12.0,1.3,0.7,12.5,25.2,1.0,1.1,2.1,0.062,-1.1,-1.4,-2.5,-0.2,,mathube01,183,LAC,9187573.0,0.15384615384615385,0.16,0.5419354838709675,0.20370370370370375,0.5524193548387097,0.7557251908396947,0.26666666666666666,0.4555555555555556,0.32653061224489793,0.33333333333333337,0.1,0.3097179716257706,0.13964773039268746
67.0,Coby White,25.0,2TM,SG,50.0,26.0,25.0,5.6,12.5,0.446,2.3,6.4,0.362,3.3,6.1,0.534,0.539,3.9,4.8,0.817,0.3,3.1,3.4,4.0,0.5,0.1,2.6,2.2,17.4,,whiteco01,222.0,25.0,SG,50.0,26.0,1249.0,16.1,0.595,0.51,0.387,1.5,13.1,7.4,24.8,0.9,0.4,14.9,28.8,1.2,0.7,2.0,0.076,0.6,-1.9,-1.3,0.2,,whiteco01,142,CHO,12888889.0,0.2982456140350877,0.48387096774193555,0.5545023696682465,0.33333333333333337,0.5632183908045977,0.588477366255144,0.6296296296296295,0.41379310344827586,0.5641025641025642,0.16666666666666666,0.07692307692307693,0.40782213689997365,0.15953200642659204
68.0,Kevin Porter Jr.,25.0,MIL,PG,38.0,36.0,33.2,6.3,13.5,0.465,1.2,3.8,0.322,5.1,9.8,0.52,0.51,3.6,4.1,0.878,0.9,4.3,5.2,7.4,2.2,0.5,2.9,2.3,17.4,,porteke02,221.0,25.0,PG,38.0,36.0,1261.0,18.7,0.567,0.278,0.304,3.1,14.6,8.9,33.8,3.2,1.5,15.9,24.3,1.5,1.3,2.8,0.106,0.8,1.2,2.1,1.3,,porteke02,260,MIL,5134000.0,0.30851063829787234,0.4947368421052632,0.579399141630901,0.2619047619047619,0.47213114754098356,0.8279569892473119,0.7159090909090909,0.5753424657534246,0.5020576131687242,1.0,0.625,0.4667974430789995,0.2853485541785096
69.0,Paul George,35.0,PHI,PF,37.0,37.0,30.7,6.1,13.9,0.439,2.7,6.9,0.392,3.4,7.0,0.484,0.536,2.5,3.0,0.82,0.5,4.8,5.3,3.6,1.7,0.4,1.7,2.3,17.3,,georgpa01,255.0,35.0,PF,37.0,37.0,1135.0,16.7,0.57,0.497,0.216,1.9,17.1,9.4,17.7,2.6,1.3,10.2,23.3,1.1,1.4,2.5,0.108,1.0,0.7,1.7,1.1,,georgpa01,13,PHI,51666090.0,0.392156862745098,0.48344370860927155,0.48360655737704905,0.28260869565217395,0.59765625,0.8247011952191234,0.5818181818181819,0.3626373626373626,0.4067164179104477,1.0,0.2105263157894737,0.48587430281464716,0.12316824617361567
70.0,Ryan Rollins,23.0,MIL,PG,74.0,67.0,32.1,6.6,13.9,0.472,2.5,6.1,0.406,4.1,7.8,0.523,0.561,1.7,2.1,0.796,0.7,3.8,4.6,5.6,1.5,0.4,2.7,2.6,17.3,,rolliry01,28.0,23.0,PG,74.0,67.0,2376.0,16.2,0.583,0.44,0.152,2.6,13.4,8.0,27.1,2.3,1.3,15.5,24.2,1.7,1.8,3.4,0.069,0.7,-0.5,0.2,1.3,,rolliry01,286,MIL,4000000.0,0.30851063829787234,0.39473684210526316,0.6480686695278968,0.2976190476190476,0.46885245901639344,0.7885304659498208,0.5113636363636364,0.49315068493150677,0.39917695473251025,0.611111111111111,0.5,0.42340705960170516,0.3054236325823789
71.0,Miles Bridges,27.0,CHO,PF,77.0,77.0,31.0,6.2,13.5,0.46,1.9,5.8,0.333,4.3,7.8,0.554,0.531,2.7,3.3,0.822,1.0,4.9,5.8,3.2,0.6,0.4,1.4,1.7,17.1,,bridgmi02,26.0,27.0,PF,77.0,77.0,2387.0,16.0,0.57,0.427,0.243,3.6,17.4,10.6,15.9,1.0,1.3,8.5,22.3,4.0,2.5,6.5,0.13,1.2,-0.1,1.1,1.9,,bridgmi02,75,CHO,25000000.0,0.5490196078431372,0.44370860927152317,0.48360655737704905,0.717391304347826,0.58984375,0.8366533864541832,0.5090909090909091,0.4175824175824176,0.3805970149253731,0.26666666666666666,0.2105263157894737,0.5182983866965476,0.1610184470902259
72.0,Chet Holmgren,23.0,OKC,PF,69.0,69.0,28.9,6.3,11.3,0.557,1.3,3.5,0.362,5.0,7.8,0.646,0.614,3.3,4.1,0.792,1.9,7.0,8.9,1.7,0.6,1.9,1.6,2.3,17.1,DPOY-2ASNBA3DEF1,holmgch01,79.0,23.0,PF,69.0,69.0,1997.0,21.6,0.653,0.312,0.365,7.4,25.3,16.7,8.6,1.0,6.4,10.6,21.9,4.4,4.7,9.1,0.219,2.4,1.9,4.2,3.1,DPOY-2ASNBA3DEF1,holmgch01,133,OKC,13731368.0,0.784313725490196,0.6490066225165564,0.823770491803279,1.0,0.58984375,0.7529880478087648,0.23636363636363633,0.7582417582417583,0.5895522388059702,0.26666666666666666,1.0,0.7085057003677567,0.2704547614196222
73.0,Jalen Williams,24.0,OKC,SG,33.0,33.0,28.4,6.5,13.5,0.484,0.7,2.3,0.299,5.8,11.2,0.523,0.51,3.3,3.9,0.837,0.8,3.8,4.6,5.5,1.2,0.3,1.9,2.0,17.1,,willija06,292.0,24.0,SG,33.0,33.0,936.0,19.0,0.56,0.173,0.289,3.3,13.9,8.8,29.3,2.0,0.9,11.1,26.2,1.3,1.7,3.0,0.156,1.1,1.0,2.1,1.0,,willija06,224,OKC,6580997.0,0.43859649122807015,0.7580645161290324,0.388625592417062,0.44086021505376344,0.5517241379310346,0.728395061728395,0.9074074074074074,0.6206896551724137,0.7500000000000001,0.5555555555555556,0.23076923076923075,0.531870333905135,0.2822811879050579
74.0,Josh Giddey,23.0,CHI,PG,54.0,51.0,32.1,5.9,13.3,0.448,1.9,5.2,0.364,4.0,8.0,0.502,0.52,3.2,4.2,0.763,1.2,7.1,8.3,9.1,1.0,0.5,3.6,1.7,17.0,,giddejo01,127.0,23.0,PG,54.0,51.0,1731.0,18.0,0.562,0.395,0.318,4.2,23.1,13.7,41.1,1.5,1.4,19.3,24.4,1.6,1.7,3.2,0.09,2.3,0.4,2.7,2.0,,giddejo01,74,CHI,25000000.0,0.3829787234042553,0.5263157894736842,0.5579399141630903,0.28571428571428575,0.45901639344262296,0.7885304659498208,0.9090909090909091,1.0,0.4732510288065844,0.33333333333333326,0.625,0.4553284136660673,0.1414557250541689
75.0,Payton Pritchard,28.0,BOS,PG,79.0,50.0,32.4,6.4,13.8,0.464,2.7,7.1,0.377,3.7,6.7,0.556,0.561,1.5,1.7,0.89,0.9,3.1,3.9,5.2,0.7,0.1,1.4,1.5,17.0,,pritcpa01,16.0,28.0,PG,79.0,50.0,2556.0,17.1,0.584,0.515,0.125,3.0,10.2,6.7,23.5,1.1,0.4,8.7,21.4,6.1,2.4,8.5,0.16,2.6,-0.3,2.3,2.8,,pritcpa01,213,BOS,7232143.0,0.46808510638297873,0.5052631578947369,0.652360515021459,0.6011904761904762,0.45901639344262296,0.7992831541218638,0.46590909090909083,0.39726027397260266,0.4362139917695474,0.1666666666666666,0.125,0.4670058214890188,0.23603612167049548
76.0,Andrew Nembhard,26.0,IND,PG,57.0,57.0,31.3,5.8,13.2,0.442,1.9,5.2,0.361,4.0,8.0,0.495,0.513,3.4,4.1,0.825,0.4,2.4,2.8,7.7,0.9,0.1,2.4,2.2,16.9,,nembhan01,115.0,26.0,PG,57.0,57.0,1786.0,15.7,0.564,0.393,0.311,1.5,8.4,4.9,37.0,1.4,0.4,13.8,23.6,2.2,0.7,2.8,0.077,1.1,-1.9,-0.8,0.6,,nembhan01,104,IND,18102000.0,0.23404255319148937,0.34210526315789475,0.5665236051502143,0.2619047619047619,0.4557377049180327,0.7598566308243729,0.7499999999999999,0.24657534246575338,0.37860082304526743,0.27777777777777773,0.125,0.3446861820038004,0.11902054987696353
77.0,Kristaps Porziņģis,30.0,2TM,C,32.0,23.0,24.0,5.4,12.1,0.446,1.7,5.0,0.338,3.7,7.1,0.522,0.515,4.2,4.9,0.842,1.3,4.0,5.2,2.5,0.6,1.2,1.3,2.9,16.7,,porzikr01,331.0,30.0,C,32.0,23.0,769.0,19.6,0.582,0.412,0.407,5.6,18.5,11.9,16.1,1.1,4.5,8.2,27.3,1.4,1.0,2.4,0.148,1.6,0.3,1.9,0.8,,porzikr01,57,GSW,30731707.0,0.15151515151515155,0.394088669950739,0.2578124999999998,0.14383561643835618,0.5491803278688524,0.5591836734693878,0.2115384615384616,0.2376237623762376,0.42533936651583726,0.3846153846153847,0.36666666666666664,0.3304148643102209,0.09646318689200231
78.0,OG Anunoby,28.0,NYK,PF,67.0,67.0,33.2,5.8,12.0,0.484,2.3,6.1,0.386,3.5,5.9,0.584,0.581,2.7,3.3,0.828,1.3,4.0,5.2,2.2,1.6,0.7,1.8,2.4,16.7,DPOY-10DEF2,anunoog01,52.0,28.0,PF,67.0,67.0,2224.0,15.8,0.62,0.506,0.275,4.3,13.4,8.8,9.2,2.3,2.2,12.0,19.7,3.1,3.2,6.3,0.135,0.9,1.1,2.0,2.3,DPOY-10DEF2,anunoog01,27,NYK,39568966.0,0.6274509803921567,0.5033112582781457,0.6885245901639345,0.6956521739130435,0.5742187499999999,0.9243027888446216,0.3272727272727273,0.3516483516483517,0.3731343283582089,0.9333333333333335,0.3684210526315789,0.6026078487452158,0.16383916684129815
79.0,Stephon Castle,21.0,SAS,PG,68.0,67.0,30.0,5.7,12.0,0.471,1.2,3.6,0.332,4.5,8.4,0.531,0.521,4.1,5.6,0.734,1.4,3.9,5.3,7.4,1.1,0.3,3.2,3.3,16.7,,castlst01,73.0,21.0,PG,68.0,67.0,2038.0,17.4,0.575,0.299,0.47,5.3,13.5,9.5,34.5,1.8,0.8,18.0,24.9,2.8,2.9,5.8,0.136,1.0,0.9,1.9,2.0,,castlst01,179,SAS,9560520.0,0.3829787234042553,0.4842105263157894,0.6137339055793989,0.44047619047619047,0.4491803278688524,0.7132616487455197,0.7159090909090909,0.5890410958904109,0.4485596707818929,0.3888888888888889,0.37499999999999994,0.44372367015952796,0.19654296243276653
81.0,Grayson Allen,30.0,PHO,SG,51.0,27.0,28.8,5.3,13.1,0.403,3.1,8.9,0.349,2.2,4.2,0.519,0.522,2.8,3.3,0.857,0.7,2.3,3.0,3.8,1.4,0.3,1.6,2.3,16.5,,allengr01,173.0,30.0,SG,51.0,27.0,1467.0,16.1,0.568,0.682,0.252,2.7,9.2,5.9,19.9,2.3,0.8,10.1,23.8,2.3,1.6,3.9,0.127,1.9,0.2,2.1,1.5,,allengr01,109,PHO,16875000.0,0.5263157894736842,0.7580645161290324,0.4265402843601895,0.5376344086021506,0.5287356321839081,0.7448559670781894,0.5925925925925926,0.3448275862068966,0.5641025641025642,0.6666666666666666,0.23076923076923075,0.5524976886495521,0.19551673519252016
82.0,Derrick White,31.0,BOS,SG,77.0,77.0,34.1,5.7,14.4,0.394,2.7,8.3,0.327,3.0,6.1,0.487,0.489,2.4,2.6,0.902,1.1,3.3,4.4,5.4,1.1,1.3,1.7,1.5,16.5,DPOY-6DEF1,whitede01,10.0,31.0,SG,77.0,77.0,2625.0,16.0,0.529,0.578,0.184,3.7,10.4,7.1,22.2,1.7,3.8,10.1,22.0,3.5,3.5,7.0,0.129,2.2,1.0,3.2,3.5,DPOY-6DEF1,whitede01,62,BOS,28100000.0,0.8771929824561403,0.8467741935483872,0.241706161137441,0.870967741935484,0.5287356321839081,0.962962962962963,0.888888888888889,0.5862068965517242,0.5576923076923077,0.5000000000000001,1.0,0.7319931637222947,0.2194375681444706
83.0,Immanuel Quickley,26.0,TOR,PG,70.0,70.0,31.9,5.7,12.9,0.443,2.5,6.8,0.374,3.2,6.1,0.52,0.541,2.4,3.0,0.821,0.5,3.5,4.0,5.9,1.3,0.1,1.5,2.0,16.4,,quickim01,50.0,26.0,PG,70.0,70.0,2231.0,16.6,0.577,0.526,0.229,1.9,12.5,7.2,26.4,2.0,0.2,9.3,21.1,3.9,2.6,6.5,0.14,1.9,0.6,2.4,2.5,,quickim01,50,TOR,32500000.0,0.4361702127659574,0.5105263157894736,0.6223175965665233,0.4821428571428571,0.43934426229508194,0.7813620071684587,0.5454545454545455,0.410958904109589,0.4156378600823046,0.49999999999999994,0.125,0.45868596755817126,0.13175936039668557
84.0,Matas Buzelis,21.0,CHI,PF,77.0,77.0,29.2,5.8,12.5,0.463,2.2,6.4,0.349,3.5,6.1,0.583,0.553,2.4,3.1,0.786,1.0,4.8,5.8,2.1,0.7,1.5,2.1,2.3,16.3,,buzelma01,46.0,21.0,PF,77.0,77.0,2248.0,14.8,0.586,0.514,0.247,3.7,17.3,10.6,10.3,1.1,4.5,13.0,22.8,0.4,2.1,2.6,0.055,-0.6,-0.4,-1.0,0.5,,buzelma01,250,CHI,5455560.0,0.2745098039215686,0.304635761589404,0.5491803278688524,0.29347826086956524,0.55859375,0.7649402390438246,0.30909090909090914,0.4175824175824176,0.33582089552238803,0.3333333333333333,0.7894736842105263,0.40836313935003327,0.24068999746650033
85.0,Jrue Holiday,35.0,POR,PG,53.0,51.0,29.4,6.0,13.4,0.451,2.6,6.8,0.378,3.5,6.5,0.527,0.548,1.7,2.0,0.838,1.3,3.3,4.6,6.1,1.0,0.1,2.8,1.5,16.3,,holidjr01,153.0,35.0,PG,53.0,51.0,1560.0,16.4,0.573,0.511,0.148,4.9,12.3,8.5,32.1,1.7,0.3,16.2,23.5,2.1,1.5,3.6,0.109,2.4,-0.5,1.9,1.6,,holidjr01,51,POR,32400000.0,0.3404255319148936,0.4842105263157894,0.6051502145922744,0.30952380952380953,0.4360655737704918,0.6917562724014337,0.5681818181818181,0.49315068493150677,0.40740740740740733,0.33333333333333326,0.125,0.3987620257891733,0.11464745917707717
86.0,Alex Sarr,20.0,WAS,C,48.0,48.0,27.2,6.6,13.7,0.482,1.0,3.1,0.333,5.5,10.5,0.526,0.52,2.1,3.0,0.692,2.2,5.2,7.4,2.7,0.8,2.0,1.7,2.2,16.3,,sarral01,215.0,20.0,C,48.0,48.0,1305.0,19.4,0.544,0.229,0.223,8.5,20.9,14.6,15.9,1.4,6.4,10.2,25.7,0.7,0.9,1.6,0.059,0.8,-0.1,0.7,0.9,,sarral01,150,WAS,11808240.0,0.16161616161616166,0.3349753694581281,0.1093750000000001,0.08904109589041097,0.5327868852459017,0.689795918367347,0.23076923076923084,0.45544554455445546,0.416289592760181,0.5384615384615385,0.6333333333333333,0.3412498741392993,0.1382251323992471
88.0,Aaron Gordon,30.0,DEN,PF,36.0,33.0,27.9,5.5,11.1,0.497,1.7,4.4,0.389,3.8,6.7,0.568,0.574,3.5,4.5,0.767,1.4,4.4,5.8,2.7,0.6,0.3,1.1,1.7,16.2,,gordoaa01,278.0,30.0,PF,36.0,33.0,1005.0,18.5,0.62,0.394,0.41,6.0,16.8,11.6,13.7,1.0,0.9,7.5,21.9,2.4,0.7,3.2,0.153,2.9,-1.2,1.7,0.9,,gordoaa01,82,DEN,22841455.0,0.3529411764705882,0.48344370860927155,0.6885245901639345,0.3586956521739131,0.5546874999999999,0.7131474103585657,0.4181818181818182,0.4175824175824176,0.47388059701492535,0.26666666666666666,0.15789473684210525,0.4394457951373848,0.14046187226561668
89.0,VJ Edgecombe,20.0,PHI,SG,75.0,75.0,35.0,6.0,13.7,0.438,2.0,5.6,0.354,4.0,8.1,0.496,0.51,2.0,2.4,0.818,1.6,4.0,5.6,4.2,1.4,0.5,1.8,2.9,16.0,ROY-3,edgecvj01,11.0,20.0,SG,75.0,75.0,2623.0,14.0,0.54,0.409,0.176,5.0,12.7,8.8,17.4,2.0,1.4,11.0,20.1,1.9,2.5,4.4,0.081,-0.4,-0.1,-0.5,1.0,ROY-3,edgecvj01,157,PHI,11108880.0,0.43859649122807015,0.5483870967741936,0.293838862559242,0.5913978494623656,0.5095785440613027,1.0,0.6666666666666666,0.793103448275862,0.42948717948717957,0.6666666666666666,0.3846153846153846,0.5000378465334053,0.20767892383114192
90.0,Domantas Sabonis,29.0,SAC,C,19.0,15.0,29.7,6.3,11.6,0.543,0.3,1.4,0.185,6.1,10.2,0.593,0.554,2.9,4.1,0.727,3.4,8.0,11.4,4.1,0.9,0.2,2.7,3.5,15.8,,sabondo01,366.0,29.0,C,19.0,15.0,564.0,19.2,0.59,0.122,0.348,12.3,31.0,21.4,21.3,1.5,0.7,16.7,23.0,0.7,0.4,1.1,0.095,0.7,-0.2,0.6,0.4,,sabondo01,26,SAC,42336000.0,0.11111111111111113,0.33004926108374383,0.28906249999999983,0.05479452054794521,0.5122950819672132,0.7918367346938776,0.3653846153846154,0.8514851485148515,0.40723981900452494,0.6153846153846155,0.03333333333333333,0.30429739848914694,0.0812404764468985
91.0,Jabari Smith Jr.,22.0,HOU,PF,77.0,77.0,35.1,5.7,12.6,0.45,2.3,6.3,0.363,3.4,6.3,0.537,0.541,2.1,2.7,0.775,1.4,5.5,6.9,1.9,0.7,0.9,1.4,2.5,15.8,,smithja05,5.0,22.0,PF,77.0,77.0,2705.0,13.5,0.57,0.501,0.215,4.5,17.0,10.8,7.3,1.0,2.4,9.0,18.2,3.4,3.3,6.6,0.118,-0.5,-0.2,-0.7,0.9,,smithja05,147,HOU,12350392.0,0.3529411764705882,0.32450331125827814,0.48360655737704905,0.7282608695652174,0.5390625,1.0,0.2727272727272727,0.5384615384615385,0.2873134328358209,0.3333333333333333,0.4736842105263158,0.44346783471421153,0.1764212063660522
92.0,Collin Sexton,27.0,2TM,SG,68.0,22.0,23.7,5.3,10.9,0.485,1.6,4.1,0.401,3.6,6.8,0.536,0.561,3.2,3.8,0.855,0.6,1.7,2.3,3.3,1.1,0.1,2.1,2.1,15.4,,sextoco01,146.0,27.0,SG,68.0,22.0,1614.0,17.4,0.615,0.376,0.344,2.8,7.6,5.3,21.7,2.3,0.6,14.2,25.9,2.5,1.4,3.9,0.117,1.1,-0.5,0.6,1.1,,sextoco01,97,CHI,18975000.0,0.45614035087719296,0.6370967741935484,0.6492890995260665,0.5376344086021506,0.4865900383141762,0.5349794238683128,0.49999999999999994,0.22413793103448273,0.6474358974358974,0.5000000000000001,0.07692307692307693,0.5003616980787777,0.17001050011433277
93.0,Jarrett Allen,27.0,CLE,C,56.0,56.0,27.1,6.0,9.4,0.638,0.0,0.2,0.1,6.0,9.3,0.649,0.639,3.3,4.7,0.709,2.6,5.9,8.5,1.8,1.0,0.8,1.3,1.7,15.4,,allenja01,160.0,27.0,C,56.0,56.0,1519.0,22.1,0.669,0.019,0.494,10.5,24.0,17.2,9.7,1.7,2.9,10.4,19.9,4.2,2.2,6.4,0.202,2.2,0.4,2.6,1.8,,allenja01,91,CLE,20000000.0,0.25252525252525254,0.4285714285714286,0.5976562500000001,0.41780821917808225,0.4959016393442624,0.6857142857142858,0.14423076923076925,0.5643564356435643,0.5384615384615387,0.6923076923076924,0.23333333333333336,0.4156084519826573,0.13873350955010397
94.0,Jaime Jaquez Jr.,24.0,MIA,SF,75.0,1.0,28.3,6.2,12.2,0.507,0.8,2.4,0.317,5.4,9.8,0.555,0.539,2.2,2.9,0.769,1.3,3.7,5.0,4.7,0.7,0.3,2.0,1.8,15.4,6MOY-2,jaqueja01,62.0,24.0,SF,75.0,1.0,2121.0,15.7,0.57,0.2,0.236,4.7,13.7,9.2,24.0,1.1,0.9,13.1,22.3,2.2,2.0,4.2,0.094,0.3,-0.1,0.1,1.1,6MOY-2,jaqueja01,289,MIA,3861600.0,0.3538461538461538,0.368,0.5096774193548383,0.3981481481481482,0.4637096774193548,0.6908396946564886,0.5733333333333334,0.41111111111111115,0.37755102040816324,0.27777777777777773,0.19999999999999998,0.39496534336770384,0.29233270721737936
95.0,Andrew Wiggins,30.0,MIA,SF,68.0,68.0,30.3,5.7,12.1,0.475,2.0,4.9,0.414,3.7,7.2,0.516,0.559,1.9,2.4,0.784,1.7,3.1,4.8,2.7,1.1,1.0,1.5,2.3,15.4,,wiggian01,68.0,30.0,SF,68.0,68.0,2063.0,15.1,0.586,0.406,0.197,5.7,10.8,8.3,12.3,1.7,3.0,10.3,19.7,2.2,2.3,4.6,0.106,0.7,0.5,1.2,1.7,,wiggian01,61,MIA,28223215.0,0.4461538461538461,0.456,0.6129032258064513,0.4351851851851852,0.4637096774193548,0.7671755725190841,0.3066666666666667,0.3888888888888889,0.3469387755102041,0.5000000000000001,0.9,0.48995285836427355,0.1466861103295293
96.0,Naji Marshall,28.0,DAL,SF,74.0,47.0,29.5,5.7,11.1,0.51,0.8,2.9,0.291,4.8,8.2,0.587,0.548,3.1,4.1,0.76,0.9,3.8,4.7,3.3,1.1,0.1,1.6,1.9,15.2,,marshna01,56.0,28.0,SF,74.0,47.0,2184.0,15.4,0.592,0.259,0.365,3.2,13.6,8.4,16.4,1.8,0.2,11.1,20.5,2.5,1.8,4.3,0.095,-0.7,0.1,-0.6,0.8,,marshna01,185,DAL,9000000.0,0.3076923076923077,0.312,0.6516129032258062,0.4074074074074074,0.4556451612903225,0.7366412213740459,0.38666666666666666,0.3777777777777778,0.3622448979591837,0.5000000000000001,0.0,0.3810289063466536,0.1734137285177238
97.0,Onyeka Okongwu,25.0,ATL,C,74.0,63.0,31.0,5.6,11.6,0.48,1.9,5.2,0.376,3.6,6.4,0.564,0.564,2.1,2.7,0.757,1.9,5.7,7.6,3.1,1.1,1.1,1.7,3.3,15.2,,okongon01,36.0,25.0,C,74.0,63.0,2297.0,15.9,0.592,0.445,0.235,6.5,20.3,13.3,13.9,1.7,3.1,11.8,19.5,2.6,3.3,6.0,0.125,-0.1,0.8,0.7,1.6,,okongon01,117,ATL,15000000.0,0.23232323232323235,0.3349753694581281,0.29687499999999983,0.3904109589041096,0.48770491803278687,0.8448979591836736,0.2692307692307693,0.47524752475247517,0.2579185520361992,0.7692307692307694,0.3333333333333333,0.36988090810171576,0.13658569104485938
98.0,Russell Westbrook,37.0,SAC,SF,64.0,58.0,29.0,5.6,13.1,0.427,2.0,5.9,0.338,3.6,7.2,0.5,0.503,2.0,2.9,0.694,1.3,4.2,5.4,6.7,1.3,0.2,3.3,2.3,15.2,,westbru01,104.0,37.0,SF,64.0,58.0,1853.0,15.1,0.528,0.452,0.218,4.7,16.6,10.5,34.3,2.2,0.6,18.5,25.9,-0.6,0.9,0.4,0.009,0.6,-1.0,-0.4,0.7,,westbru01,368,SAC,2296274.0,0.29230769230769227,0.32799999999999996,0.238709677419355,0.0462962962962963,0.4556451612903225,0.717557251908397,0.84,0.4555555555555556,0.3469387755102041,0.6111111111111112,0.1,0.3466143189535352,0.41696066641305773
99.0,Nikola Vučević,35.0,2TM,C,64.0,49.0,28.4,6.2,12.5,0.493,1.6,4.2,0.369,4.6,8.3,0.557,0.556,1.2,1.5,0.828,2.0,6.4,8.4,3.3,0.6,0.6,1.3,2.0,15.1,,vucevni01,111.0,35.0,C,64.0,49.0,1818.0,17.7,0.574,0.339,0.116,7.5,23.9,15.8,17.7,1.0,2.0,9.2,21.4,2.5,1.9,4.4,0.116,1.4,0.1,1.5,1.6,,vucevni01,87,BOS,21481481.0,0.23232323232323235,0.374384236453202,0.22656249999999975,0.28082191780821925,0.4836065573770492,0.7387755102040816,0.2884615384615385,0.5544554455445544,0.3393665158371041,0.3846153846153847,0.16666666666666666,0.3392816169822894,0.11061638912810864
100.0,Anthony Black,22.0,ORL,PG,64.0,40.0,29.8,5.4,12.1,0.447,1.6,4.7,0.333,3.8,7.4,0.519,0.512,2.6,3.6,0.732,0.7,3.1,3.8,3.7,1.4,0.7,2.1,2.7,15.0,,blackan01,95.0,22.0,PG,64.0,40.0,1910.0,13.7,0.549,0.389,0.299,2.7,11.6,7.1,18.5,2.3,2.1,13.1,22.2,0.3,2.4,2.6,0.067,-1.2,0.7,-0.6,0.7,,blackan01,205,ORL,7970280.0,0.24468085106382975,0.3526315789473684,0.5021459227467813,0.25,0.39344262295081966,0.7060931899641578,0.2954545454545454,0.38356164383561636,0.2962962962962963,0.5555555555555554,0.8749999999999999,0.3736593434001956,0.1800143618110179
102.0,Brice Sensabaugh,22.0,UTA,SF,75.0,22.0,23.5,5.3,11.4,0.46,2.2,5.9,0.367,3.1,5.5,0.559,0.554,2.2,2.7,0.826,0.7,2.3,3.1,1.9,0.7,0.2,1.7,1.9,14.9,,sensabr01,120.0,22.0,SF,75.0,22.0,1762.0,14.4,0.59,0.516,0.235,3.4,11.0,7.1,12.4,1.4,0.7,11.6,24.9,1.0,0.1,1.1,0.029,0.4,-3.0,-2.6,-0.3,,sensabr01,334,UTA,2693760.0,0.13846153846153844,0.152,0.6387096774193546,0.11111111111111113,0.4435483870967742,0.5076335877862596,0.2,0.2,0.3112244897959184,0.27777777777777773,0.1,0.2652552725652103,0.267681001235426
103.0,Ayo Dosunmu,26.0,2TM,SG,69.0,19.0,27.3,5.6,10.8,0.517,1.8,4.1,0.439,3.8,6.8,0.563,0.599,1.8,2.1,0.876,0.7,2.8,3.4,3.6,0.8,0.3,1.4,1.9,14.8,6MOY-9,dosunay01,100.0,26.0,SG,69.0,19.0,1881.0,16.5,0.63,0.375,0.194,2.7,10.7,6.8,19.6,1.5,0.8,10.6,20.2,3.5,1.3,4.9,0.124,1.3,-0.3,1.0,1.4,6MOY-9,dosunay01,211,MIN,7518518.0,0.5087719298245613,0.6693548387096776,0.7203791469194315,0.6451612903225807,0.46360153256704983,0.6831275720164609,0.5555555555555555,0.41379310344827586,0.5897435897435898,0.33333333333333337,0.23076923076923075,0.527338853465385,0.2613992987624035
104.0,Kyshawn George,22.0,WAS,SF,48.0,48.0,29.0,5.3,12.0,0.438,2.1,5.4,0.381,3.2,6.6,0.486,0.524,2.2,2.7,0.802,0.9,4.2,5.1,4.5,1.0,0.9,2.6,3.5,14.8,,georgky01,192.0,22.0,SF,48.0,48.0,1391.0,13.8,0.559,0.451,0.227,3.3,15.9,9.5,22.4,1.6,2.7,16.5,22.8,0.1,0.5,0.6,0.022,-0.5,-0.6,-1.2,0.3,,georgky01,322,WAS,2966760.0,0.23076923076923078,0.264,0.4387096774193551,0.06481481481481481,0.43951612903225806,0.717557251908397,0.5466666666666666,0.4222222222222222,0.2806122448979592,0.4444444444444445,0.8,0.3464099904948289,0.31854657848635753
105.0,Jaden McDaniels,25.0,MIN,PF,73.0,73.0,31.7,5.7,11.1,0.515,1.4,3.4,0.412,4.3,7.7,0.562,0.579,2.0,2.4,0.835,1.0,3.2,4.2,2.7,1.1,1.0,1.8,3.3,14.8,,mcdanja02,35.0,25.0,PF,73.0,73.0,2316.0,14.0,0.611,0.309,0.218,3.7,10.9,7.4,12.2,1.7,2.7,12.9,18.5,2.5,2.7,5.2,0.109,-0.9,0.6,-0.3,1.0,,mcdanja02,79,MIN,24393104.0,0.3725490196078431,0.3509933774834437,0.6516393442622952,0.5760869565217391,0.5,0.8645418326693226,0.4181818181818182,0.2417582417582418,0.3059701492537313,0.6000000000000001,0.5263157894736842,0.45701770568281475,0.14307286057164098
106.0,Peyton Watson,23.0,DEN,SF,54.0,40.0,29.6,5.3,10.8,0.491,1.5,3.6,0.411,3.8,7.1,0.531,0.56,2.6,3.5,0.73,0.9,4.0,4.9,2.1,0.9,1.1,1.7,2.5,14.6,,watsope01,148.0,23.0,SF,54.0,40.0,1598.0,14.3,0.594,0.339,0.325,3.6,14.4,9.3,9.7,1.5,3.6,12.3,20.6,1.0,1.6,2.6,0.078,-0.8,-0.5,-1.2,0.3,,watsope01,279,DEN,4356476.0,0.23076923076923078,0.264,0.6645161290322579,0.25000000000000006,0.43145161290322576,0.7404580152671757,0.22666666666666668,0.4000000000000001,0.30612244897959184,0.38888888888888884,1.0,0.37626494990725123,0.2556732273651773
107.0,Mikal Bridges,29.0,NYK,SF,82.0,82.0,32.8,5.8,11.7,0.49,1.9,5.1,0.371,3.9,6.6,0.582,0.571,1.0,1.2,0.827,1.0,2.8,3.8,3.7,1.3,0.8,1.0,2.0,14.4,,bridgmi01,6.0,29.0,SF,82.0,82.0,2692.0,15.3,0.587,0.436,0.102,3.3,9.7,6.5,15.9,2.0,2.4,7.6,17.3,4.7,3.3,8.0,0.143,1.3,1.4,2.7,3.2,,bridgmi01,77,NYK,24900000.0,0.676923076923077,0.5760000000000001,0.6193548387096771,0.75,0.42338709677419356,0.8625954198473282,0.44000000000000006,0.2777777777777778,0.3571428571428572,0.6111111111111112,0.7000000000000001,0.5920678504756073,0.18416553546507602
109.0,Anfernee Simons,26.0,2TM,SG,55.0,5.0,24.9,5.2,11.8,0.44,2.7,6.9,0.385,2.5,4.9,0.517,0.552,1.3,1.4,0.896,0.6,1.9,2.5,2.4,0.5,0.1,1.2,1.7,14.3,,simonan01,198.0,26.0,SG,55.0,5.0,1372.0,14.4,0.576,0.585,0.119,2.5,8.1,5.4,14.6,1.0,0.6,9.1,23.6,1.8,1.1,2.9,0.101,1.2,-1.3,-0.1,0.7,,simonan01,64,CHI,27678571.0,0.3859649122807018,0.5806451612903226,0.4644549763033175,0.4301075268817205,0.4444444444444445,0.5843621399176955,0.33333333333333326,0.25862068965517243,0.45512820512820523,0.16666666666666666,0.07692307692307693,0.4136796641636111,0.12457759920310613
110.0,Jeremiah Fears,19.0,NOP,PG,82.0,49.0,25.8,5.3,12.3,0.434,1.2,3.7,0.33,4.1,8.5,0.48,0.485,2.4,3.0,0.789,0.7,2.9,3.7,3.4,1.2,0.4,2.2,1.8,14.3,,fearsje01,64.0,19.0,PG,82.0,49.0,2112.0,13.8,0.525,0.304,0.245,3.0,12.4,7.7,19.9,2.2,1.3,13.8,25.5,-0.8,1.4,0.6,0.015,-1.4,-1.3,-2.7,-0.4,,fearsje01,210,NOP,7520040.0,0.12765957446808512,0.2421052631578947,0.3991416309012876,0.13095238095238096,0.3704918032786885,0.5627240143369177,0.2613636363636363,0.3698630136986301,0.3004115226337449,0.44444444444444436,0.5,0.274894013830483,0.13624995182380284
112.0,Scoot Henderson,21.0,POR,PG,30.0,10.0,24.9,4.8,11.4,0.418,1.9,5.4,0.352,2.9,6.0,0.478,0.501,2.8,3.3,0.84,0.6,2.1,2.7,3.7,0.9,0.3,2.4,2.8,14.2,,hendesc01,334.0,21.0,PG,30.0,10.0,748.0,12.9,0.553,0.474,0.292,2.6,9.1,5.8,22.8,1.7,1.1,15.9,25.0,0.3,0.7,1.0,0.064,-1.7,-0.5,-2.2,0.0,,hendesc01,165,POR,10748040.0,0.1702127659574468,0.26842105263157895,0.5193133047210302,0.15476190476190477,0.36721311475409835,0.5304659498207885,0.2954545454545454,0.23287671232876714,0.26337448559670784,0.27777777777777773,0.37499999999999994,0.27906259171282977,0.1175137240233152
113.0,P.J. Washington,27.0,DAL,PF,56.0,53.0,31.0,5.3,11.8,0.45,1.4,4.2,0.325,3.9,7.6,0.519,0.508,2.2,3.3,0.687,1.5,5.5,7.0,1.8,1.0,1.1,1.7,2.1,14.2,,washipj01,126.0,27.0,PF,56.0,53.0,1736.0,13.1,0.537,0.356,0.277,5.2,18.7,12.0,8.1,1.5,2.9,11.3,20.1,-0.3,2.0,1.7,0.046,-1.7,0.1,-1.6,0.2,,washipj01,123,DAL,14152174.0,0.2156862745098039,0.2649006622516556,0.3483606557377051,0.1956521739130435,0.47656249999999994,0.8366533864541832,0.2545454545454545,0.5494505494505495,0.27238805970149255,0.5333333333333333,0.5789473684210527,0.3491789141667121,0.13177217920970455
114.0,Ivica Zubac,28.0,2TM,C,48.0,47.0,30.1,6.0,10.0,0.598,0.0,0.0,,6.0,10.0,0.598,0.598,2.1,3.0,0.711,3.4,7.2,10.6,2.2,0.4,0.8,1.8,2.3,14.1,,zubaciv01,178.0,28.0,C,48.0,47.0,1446.0,18.6,0.622,0.0,0.295,13.3,27.2,20.4,11.3,0.6,2.6,13.6,19.2,2.6,1.6,4.2,0.139,0.7,-0.9,-0.3,0.6,,zubaciv01,98,IND,18893980.0,0.13131313131313133,0.28571428571428575,0.41406249999999994,0.2671232876712329,0.4426229508196722,0.8081632653061226,0.18269230769230774,0.7722772277227722,0.3800904977375567,0.23076923076923084,0.23333333333333336,0.2987372453227106,0.10165129932398186
115.0,Tre Jones,26.0,CHI,PG,65.0,41.0,27.0,5.2,9.5,0.553,0.6,2.0,0.315,4.6,7.5,0.616,0.586,2.9,3.5,0.841,0.6,2.6,3.1,5.4,1.2,0.2,1.4,1.4,14.1,,jonestr01,122.0,26.0,PG,65.0,41.0,1752.0,18.7,0.637,0.211,0.368,2.3,9.9,6.2,29.2,2.0,0.5,11.4,19.2,4.6,1.1,5.7,0.157,1.2,0.1,1.3,1.5,,jonestr01,203,CHI,8000000.0,0.32978723404255317,0.4526315789473684,0.8798283261802574,0.43452380952380953,0.36393442622950817,0.6057347670250895,0.4886363636363637,0.2876712328767123,0.5020576131687242,0.44444444444444436,0.25,0.41440790373108455,0.19928807587267555
116.0,Kelly Oubre Jr.,30.0,PHI,SF,50.0,41.0,31.5,5.1,10.9,0.467,1.7,4.8,0.36,3.4,6.1,0.551,0.546,2.2,2.9,0.766,1.0,4.0,5.0,1.6,1.4,0.5,1.4,2.5,14.1,,oubreke01,151.0,30.0,SF,50.0,41.0,1574.0,13.0,0.58,0.439,0.267,3.4,14.2,8.7,7.3,2.1,1.4,10.2,18.2,1.1,1.6,2.7,0.083,-1.3,-0.1,-1.4,0.2,,oubreke01,195,PHI,8382150.0,0.21538461538461537,0.248,0.5741935483870965,0.2592592592592593,0.41129032258064513,0.8129770992366413,0.16000000000000003,0.41111111111111115,0.23979591836734693,0.6666666666666666,0.4,0.3420771004149623,0.16089383625827305
117.0,Santi Aldama,25.0,MEM,PF,43.0,11.0,27.9,5.3,11.1,0.479,1.6,4.7,0.35,3.7,6.4,0.572,0.553,1.8,2.7,0.667,1.6,5.1,6.7,2.9,0.9,0.7,1.3,1.6,14.0,,aldamsa01,233.0,25.0,PF,43.0,11.0,1198.0,16.3,0.572,0.42,0.239,6.0,20.2,13.0,15.7,1.5,2.4,9.5,20.2,1.3,1.0,2.3,0.092,1.3,0.4,1.7,1.1,,aldamsa01,100,MEM,18485916.0,0.392156862745098,0.48344370860927155,0.49180327868852447,0.2608695652173913,0.46875,0.7131474103585657,0.45454545454545453,0.5164835164835165,0.39179104477611937,0.4666666666666666,0.3684210526315789,0.43357377597745966,0.1486364129994197
118.0,Keegan Murray,25.0,SAC,PF,23.0,22.0,34.5,5.5,13.0,0.42,1.3,4.9,0.277,4.1,8.2,0.505,0.472,1.7,2.1,0.776,1.4,4.3,5.7,1.7,1.0,1.6,1.2,1.8,14.0,,murrake02,328.0,25.0,PF,23.0,22.0,793.0,11.7,0.499,0.373,0.163,4.5,14.4,9.3,6.8,1.5,4.2,7.7,18.7,-0.2,0.4,0.2,0.011,-2.0,-1.0,-3.1,-0.2,,murrake02,156,SAC,11144093.0,0.1372549019607843,0.16556291390728475,0.19262295081967212,0.03260869565217392,0.46875,0.9760956175298804,0.23636363636363633,0.40659340659340665,0.22014925373134325,0.5333333333333333,0.8421052631578948,0.30919872547478505,0.12824982231459436
119.0,Devin Vassell,25.0,SAS,SG,67.0,65.0,30.5,4.9,11.3,0.437,2.5,6.4,0.384,2.4,4.8,0.508,0.547,1.6,1.9,0.815,0.6,3.4,4.0,2.5,0.9,0.4,0.9,1.6,13.9,,vassede01,72.0,25.0,SG,67.0,65.0,2044.0,13.0,0.574,0.572,0.172,2.1,11.8,7.1,11.0,1.3,1.1,6.9,18.0,2.3,2.6,4.9,0.115,0.1,0.3,0.5,1.3,,vassede01,65,SAS,27000000.0,0.49122807017543857,0.6290322580645162,0.4549763033175355,0.6451612903225807,0.4291187739463601,0.8148148148148148,0.3518518518518518,0.5172413793103449,0.3653846153846154,0.38888888888888884,0.3076923076923077,0.48777194694739506,0.14799638658655453
120.0,Ace Bailey,19.0,UTA,SF,72.0,61.0,27.6,5.5,12.4,0.443,1.9,5.5,0.344,3.6,6.9,0.522,0.52,0.9,1.2,0.75,1.4,2.8,4.2,1.8,0.8,0.7,1.5,2.7,13.8,,baileac01,82.0,19.0,SF,72.0,61.0,1988.0,11.6,0.533,0.446,0.099,5.5,11.0,8.2,9.7,1.4,2.4,10.3,21.4,-0.4,0.3,-0.1,-0.001,-1.9,-2.5,-4.4,-1.2,,baileac01,184,UTA,9069840.0,0.0,0.007999999999999972,0.27096774193548406,0.0,0.39919354838709675,0.6641221374045803,0.18666666666666665,0.32222222222222224,0.16836734693877548,0.33333333333333337,0.6,0.1908966050049668,0.08657620568661391
121.0,Aaron Nesmith,26.0,IND,SF,45.0,42.0,29.7,4.7,11.4,0.414,2.3,6.2,0.379,2.4,5.2,0.455,0.517,2.0,2.5,0.829,1.1,3.1,4.2,1.9,0.6,0.5,1.4,2.8,13.8,,nesmiaa01,206.0,26.0,SF,45.0,42.0,1335.0,10.8,0.554,0.541,0.217,3.8,11.6,7.6,9.4,0.9,1.5,10.1,19.8,0.1,0.6,0.7,0.026,-1.7,-1.6,-3.4,-0.5,,nesmiaa01,158,IND,11000000.0,0.10769230769230768,0.08800000000000001,0.4064516129032261,0.07407407407407407,0.39919354838709675,0.7442748091603054,0.2,0.32222222222222224,0.12755102040816327,0.2222222222222222,0.4,0.2314372553285347,0.09651683205432272
122.0,Brandin Podziemski,22.0,GSW,SG,82.0,43.0,28.5,4.8,10.6,0.455,1.9,5.0,0.371,2.9,5.5,0.531,0.543,2.3,2.9,0.797,0.9,4.2,5.1,3.7,1.1,0.2,1.6,1.7,13.8,,podzibr01,33.0,22.0,SG,82.0,43.0,2333.0,15.0,0.583,0.476,0.278,3.4,16.9,10.0,19.2,1.8,0.6,11.9,20.1,2.8,2.3,5.1,0.105,0.3,-0.1,0.2,1.3,,podzibr01,295,GSW,3687960.0,0.49122807017543857,0.6048387096774194,0.4976303317535545,0.6666666666666666,0.4252873563218391,0.7325102880658436,0.5740740740740741,0.7068965517241379,0.49358974358974367,0.5000000000000001,0.15384615384615385,0.4943628131690986,0.37880075601432445
123.0,Jalen Suggs,24.0,ORL,PG,57.0,56.0,27.6,4.9,11.4,0.435,2.1,6.3,0.339,2.8,5.1,0.554,0.529,1.8,2.1,0.855,0.6,3.2,3.9,5.5,1.8,0.7,2.7,2.5,13.8,,suggsja01,150.0,24.0,PG,57.0,56.0,1574.0,15.6,0.561,0.555,0.18,2.5,13.2,7.8,29.6,3.2,2.3,17.8,22.9,0.3,2.4,2.7,0.083,0.7,1.8,2.5,1.8,,suggsja01,44,ORL,35000000.0,0.3617021276595745,0.5157894736842106,0.5536480686695281,0.255952380952381,0.35409836065573774,0.6272401433691757,0.5,0.39726027397260266,0.3744855967078189,0.7777777777777776,0.8749999999999999,0.44092384238964466,0.12401706802369497
124.0,De'Andre Hunter,28.0,2TM,SF,45.0,25.0,26.1,4.6,11.1,0.415,1.7,5.5,0.305,3.0,5.7,0.522,0.49,2.8,3.2,0.867,0.7,3.4,4.1,2.0,0.7,0.1,1.7,2.5,13.7,,huntede01,240.0,28.0,SF,45.0,25.0,1176.0,11.4,0.545,0.491,0.285,2.8,14.5,8.7,10.6,1.2,0.5,11.7,22.9,0.1,1.0,1.1,0.044,-2.5,-1.5,-3.9,-0.6,,huntede01,81,SAC,23303571.0,0.0923076923076923,0.04800000000000001,0.34838709677419377,0.11111111111111113,0.39516129032258057,0.6068702290076337,0.21333333333333335,0.3111111111111111,0.15816326530612246,0.27777777777777773,0.0,0.1991635876363565,0.06325451612910545
125.0,Bobby Portis,30.0,MIL,PF,67.0,9.0,24.2,5.5,11.2,0.488,2.0,4.4,0.456,3.4,6.8,0.509,0.578,0.7,1.0,0.706,1.3,5.1,6.4,1.6,0.6,0.2,1.0,1.6,13.7,,portibo01,145.0,30.0,PF,67.0,9.0,1619.0,17.1,0.587,0.395,0.091,6.3,23.5,14.9,10.5,1.2,0.7,7.8,23.1,1.6,1.2,2.8,0.083,1.5,-1.6,0.0,0.8,,portibo01,136,MIL,13445754.0,0.3333333333333333,0.3708609271523179,0.5532786885245901,0.31521739130434784,0.45703124999999994,0.5657370517928286,0.21818181818181823,0.4835164835164836,0.4216417910447761,0.26666666666666666,0.10526315789473685,0.3776313362955345,0.14531752780162907
126.0,John Collins,28.0,LAC,PF,69.0,56.0,27.1,5.3,9.6,0.552,1.3,3.2,0.406,4.0,6.4,0.625,0.62,1.7,2.2,0.766,1.6,3.7,5.3,1.0,0.9,0.7,1.4,2.7,13.6,,collijo01,101.0,28.0,PF,69.0,56.0,1872.0,16.3,0.643,0.332,0.234,7.0,15.6,11.4,5.8,1.6,2.6,11.6,19.5,2.7,1.8,4.6,0.117,0.0,-0.5,-0.5,0.7,,collijo01,68,LAC,26580000.0,0.3137254901960784,0.33774834437086093,0.7827868852459019,0.5108695652173912,0.45312499999999994,0.6812749003984064,0.10909090909090909,0.3626373626373626,0.39179104477611937,0.4666666666666666,0.3684210526315789,0.41388381399132274,0.12617797102759867
127.0,Cedric Coward,22.0,MEM,SG,62.0,47.0,25.8,4.9,10.5,0.471,1.5,4.4,0.338,3.4,6.0,0.568,0.542,2.3,2.7,0.843,1.3,4.5,5.9,2.8,0.6,0.4,1.7,2.0,13.6,ROY-5,cowarce01,147.0,22.0,SG,62.0,47.0,1598.0,15.3,0.585,0.424,0.256,5.5,19.4,12.3,16.0,1.2,1.6,12.7,21.5,1.4,1.1,2.5,0.076,0.4,-0.6,-0.2,0.7,ROY-5,cowarce01,242,MEM,5715120.0,0.3859649122807018,0.5725806451612904,0.5071090047393365,0.38709677419354843,0.41762452107279685,0.6213991769547326,0.40740740740740733,0.8448275862068967,0.5128205128205129,0.2222222222222222,0.3076923076923077,0.4294287136010927,0.2463570338578768
129.0,Ajay Mitchell,23.0,OKC,SG,57.0,16.0,25.8,5.0,10.4,0.485,1.1,3.1,0.347,3.9,7.3,0.543,0.536,2.5,2.8,0.87,0.7,2.6,3.3,3.6,1.2,0.3,1.4,2.1,13.6,6MOY-5,mitchaj01,170.0,23.0,SG,57.0,16.0,1473.0,16.8,0.585,0.298,0.275,3.1,10.6,7.0,20.1,2.3,1.2,10.9,21.8,2.2,2.6,4.8,0.156,0.3,1.6,1.9,1.4,6MOY-5,mitchaj01,319,OKC,3000000.0,0.5087719298245613,0.7419354838709677,0.5071090047393365,0.6344086021505377,0.41762452107279685,0.6213991769547326,0.5555555555555555,0.396551724137931,0.608974358974359,0.5555555555555556,0.23076923076923075,0.5241481424461581,0.4771001998180844
130.0,Naz Reid,26.0,MIN,C,77.0,3.0,26.1,5.2,11.3,0.456,2.1,5.8,0.362,3.1,5.5,0.556,0.549,1.2,1.6,0.732,1.2,5.0,6.2,2.2,1.0,1.0,1.6,2.5,13.6,6MOY-4,reidna01,76.0,26.0,C,77.0,3.0,2007.0,15.4,0.565,0.514,0.141,5.0,20.8,13.1,12.4,1.8,3.4,12.0,22.1,0.9,3.2,4.0,0.097,-0.1,1.0,0.9,1.5,6MOY-4,reidna01,86,MIN,21551724.0,0.22222222222222227,0.3448275862068966,0.19140624999999972,0.2534246575342466,0.4221311475409837,0.6448979591836735,0.18269230769230774,0.3366336633663366,0.2352941176470589,0.6923076923076924,0.3,0.32431800562265073,0.1056253616197829
131.0,Cam Thomas,24.0,2TM,SG,42.0,8.0,21.0,4.5,11.0,0.41,1.2,4.0,0.31,3.3,7.0,0.468,0.466,3.3,4.0,0.811,0.3,1.4,1.7,2.6,0.2,0.1,1.8,1.0,13.5,,thomaca02,307.0,24.0,SG,42.0,8.0,881.0,12.6,0.53,0.364,0.367,1.4,8.1,4.6,21.0,0.5,0.4,12.1,30.3,-0.5,0.1,-0.4,-0.024,-1.2,-3.9,-5.2,-0.7,,thomaca02,239,BRK,6837779.0,0.14035087719298245,0.1693548387096774,0.24644549763033202,0.07526881720430109,0.41379310344827586,0.42386831275720166,0.37037037037037035,0.12068965517241378,0.33974358974358976,0.0,0.07692307692307693,0.2239165557782713,0.11647379383670708
132.0,Tim Hardaway Jr.,33.0,DEN,SG,80.0,6.0,26.6,4.4,9.7,0.447,2.8,6.9,0.407,1.6,2.9,0.541,0.591,2.0,2.5,0.811,0.2,2.4,2.6,1.4,0.5,0.1,0.5,1.3,13.5,6MOY-3,hardati02,61.0,33.0,SG,80.0,6.0,2127.0,13.5,0.624,0.706,0.252,0.9,9.5,5.4,6.9,1.0,0.4,4.7,18.5,3.5,1.0,4.4,0.1,1.3,-1.9,-0.7,0.7,6MOY-3,hardati02,390,DEN,2296274.0,0.3859649122807018,0.5322580645161291,0.6919431279620855,0.5913978494623656,0.41379310344827586,0.654320987654321,0.14814814814814814,0.27586206896551724,0.3974358974358975,0.16666666666666666,0.07692307692307693,0.4198783216165293,0.505093803747598
133.0,Reed Sheppard,21.0,HOU,SG,82.0,21.0,26.2,5.0,11.5,0.43,2.8,7.0,0.394,2.2,4.5,0.486,0.55,0.8,1.0,0.802,0.3,2.6,2.9,3.4,1.5,0.7,1.5,2.0,13.5,6MOY-6,sheppre01,58.0,21.0,SG,82.0,21.0,2147.0,15.7,0.564,0.609,0.091,1.5,10.7,6.1,18.6,2.8,2.3,11.1,21.7,2.7,3.1,5.9,0.131,1.2,1.5,2.7,2.5,6MOY-6,sheppre01,167,HOU,10603560.0,0.7017543859649122,0.8064516129032259,0.40758293838862547,0.7526881720430109,0.41379310344827586,0.6378600823045267,0.5185185185185185,0.3275862068965517,0.5384615384615384,0.7222222222222222,0.5384615384615384,0.6158047185848471,0.2608027191225558
134.0,Toumani Camara,25.0,POR,PF,82.0,82.0,33.3,4.8,10.9,0.44,2.7,7.2,0.37,2.1,3.6,0.579,0.563,1.2,1.7,0.708,1.6,3.6,5.1,2.5,1.1,0.4,1.8,2.9,13.4,,camarto01,4.0,25.0,PF,82.0,82.0,2731.0,11.3,0.578,0.664,0.154,5.0,11.7,8.4,10.4,1.6,1.1,13.1,16.3,2.1,2.7,4.8,0.084,-1.0,0.0,-1.0,0.7,,camarto01,402,POR,2221677.0,0.3137254901960784,0.304635761589404,0.5163934426229507,0.532608695652174,0.4453125,0.9282868525896413,0.38181818181818183,0.3406593406593406,0.20522388059701496,0.6000000000000001,0.2105263157894737,0.38924315111998126,0.4876130856515739
135.0,Quentin Grimes,25.0,PHI,SG,75.0,19.0,29.4,4.5,10.1,0.45,1.7,5.1,0.334,2.8,5.0,0.568,0.534,2.7,3.2,0.84,0.6,3.0,3.6,3.3,0.9,0.4,1.8,2.1,13.4,,grimequ01,54.0,25.0,SG,75.0,19.0,2206.0,12.9,0.585,0.503,0.314,2.2,11.4,6.7,15.7,1.4,1.2,13.4,19.0,1.9,1.7,3.6,0.078,-0.9,-0.6,-1.6,0.2,,grimequ01,190,PHI,8741209.0,0.2982456140350877,0.4596774193548387,0.5071090047393365,0.5053763440860216,0.40996168582375475,0.7695473251028806,0.49999999999999994,0.4482758620689655,0.35897435897435903,0.38888888888888884,0.3076923076923077,0.39217417343542316,0.1808880989955873
136.0,Jordan Poole,26.0,NOP,PG,39.0,8.0,23.9,4.2,11.4,0.372,2.5,7.4,0.333,1.8,4.0,0.442,0.48,2.5,2.9,0.86,0.2,1.7,2.0,3.1,0.6,0.4,1.8,2.3,13.4,,poolejo01,293.0,26.0,PG,39.0,8.0,933.0,11.5,0.53,0.649,0.257,1.0,7.9,4.4,18.3,1.1,1.5,12.3,25.1,0.0,0.2,0.2,0.01,-1.0,-2.6,-3.5,-0.4,,poolejo01,53,NOP,31848215.0,0.12765957446808512,0.19999999999999998,0.4206008583690988,0.10714285714285714,0.3409836065573771,0.4946236559139785,0.22727272727272727,0.136986301369863,0.205761316872428,0.11111111111111106,0.5,0.2351276281894003,0.06793669347773741
137.0,Tobias Harris,33.0,DET,PF,63.0,63.0,27.7,4.9,10.5,0.469,1.3,3.5,0.368,3.6,6.9,0.521,0.531,2.2,2.5,0.866,0.9,4.3,5.1,2.5,0.9,0.4,1.0,1.7,13.3,,harrito02,124.0,33.0,PF,63.0,63.0,1746.0,15.0,0.574,0.338,0.238,3.6,16.9,10.4,12.5,1.6,1.5,8.0,18.8,2.6,2.7,5.3,0.145,0.6,0.8,1.4,1.5,,harrito02,67,DET,26634146.0,0.4705882352941176,0.4635761589403974,0.4999999999999999,0.5869565217391304,0.44140625,0.7051792828685258,0.38181818181818183,0.3406593406593406,0.34328358208955223,0.4666666666666666,0.2105263157894737,0.4571395458091259,0.1392786456605878
138.0,Keldon Johnson,26.0,SAS,SF,82.0,0.0,23.3,5.0,9.7,0.519,1.2,3.3,0.363,3.8,6.4,0.601,0.582,1.9,2.4,0.794,1.7,3.7,5.4,1.4,0.6,0.1,0.9,2.0,13.2,6MOY-1,johnske04,94.0,26.0,SF,82.0,0.0,1911.0,17.3,0.613,0.343,0.243,7.9,16.6,12.4,8.5,1.2,0.5,7.4,21.0,3.9,2.6,6.4,0.161,1.2,-0.3,0.9,1.4,6MOY-1,johnske04,108,SAS,17500000.0,0.39999999999999997,0.43200000000000005,0.7870967741935483,0.6018518518518519,0.37499999999999994,0.5000000000000001,0.13333333333333333,0.4555555555555556,0.4591836734693878,0.2222222222222222,0.0,0.40967690976031995,0.14313352793996828
139.0,Jaylon Tyson,23.0,CLE,SG,66.0,42.0,26.9,5.0,10.2,0.493,2.0,4.5,0.446,3.0,5.6,0.53,0.592,1.2,1.6,0.738,1.8,3.3,5.1,2.2,0.8,0.4,1.5,2.5,13.2,,tysonja01,118.0,23.0,SG,66.0,42.0,1777.0,14.8,0.608,0.445,0.16,7.3,13.6,10.5,11.6,1.5,1.5,12.1,19.3,2.3,1.7,4.0,0.108,0.6,-0.5,0.1,0.9,,tysonja01,302,CLE,3492480.0,0.42105263157894735,0.5967741935483871,0.6161137440758295,0.5483870967741936,0.4022988505747126,0.6666666666666666,0.2962962962962963,0.7068965517241379,0.4807692307692309,0.33333333333333337,0.3076923076923077,0.4591921910264524,0.36717395931375424
140.0,Kyle Kuzma,30.0,MIL,PF,69.0,43.0,26.2,4.9,10.0,0.492,1.2,3.5,0.347,3.7,6.5,0.569,0.552,2.0,2.7,0.726,0.8,3.7,4.5,2.7,0.7,0.4,1.7,1.9,13.0,,kuzmaky01,113.0,30.0,PF,69.0,43.0,1806.0,14.1,0.581,0.347,0.27,3.6,15.9,9.8,15.5,1.3,1.5,13.4,21.8,0.9,1.0,1.9,0.051,-1.0,-1.3,-2.3,-0.1,,kuzmaky01,84,MIL,22410605.0,0.1568627450980392,0.2185430463576159,0.5286885245901638,0.2173913043478261,0.4296875,0.6454183266932271,0.4181818181818182,0.27472527472527475,0.30970149253731344,0.3333333333333333,0.2105263157894737,0.29043180491150783,0.09340041895520372
141.0,Brandon Williams,26.0,DAL,PG,66.0,15.0,22.2,4.4,9.3,0.472,0.5,2.3,0.232,3.9,7.0,0.552,0.501,3.7,4.6,0.793,0.5,2.4,2.9,3.9,0.9,0.3,1.9,1.6,13.0,,willibr03,174.0,26.0,PG,66.0,15.0,1463.0,16.8,0.572,0.251,0.493,2.2,11.6,6.9,26.3,2.0,1.2,14.3,25.1,1.2,1.3,2.5,0.083,0.1,0.3,0.4,0.9,,willibr03,399,DAL,2270735.0,0.26595744680851063,0.4052631578947368,0.6008583690987122,0.244047619047619,0.32786885245901637,0.4336917562724014,0.3181818181818181,0.2602739726027397,0.42386831275720166,0.27777777777777773,0.37499999999999994,0.33814080004980146,0.4123147531554135
142.0,Sam Merrill,29.0,CLE,SG,52.0,38.0,26.5,4.3,9.3,0.461,3.0,7.2,0.421,1.3,2.1,0.596,0.624,1.1,1.3,0.855,0.5,2.0,2.6,2.4,0.6,0.1,0.8,2.4,12.8,,merrisa01,197.0,29.0,SG,52.0,38.0,1377.0,13.6,0.644,0.775,0.143,2.2,8.4,5.3,12.3,1.2,0.5,7.5,17.0,2.8,0.9,3.7,0.127,1.0,-1.0,0.1,0.7,,merrisa01,192,CLE,8482144.0,0.3859649122807018,0.5967741935483871,0.7867298578199056,0.5161290322580646,0.3869731800766284,0.6502057613168725,0.33333333333333326,0.27586206896551724,0.4038461538461539,0.2222222222222222,0.07692307692307693,0.4251548875800325,0.1988597736516418
143.0,Collin Gillespie,26.0,PHO,PG,80.0,58.0,28.5,4.4,10.5,0.418,2.9,7.2,0.401,1.5,3.3,0.455,0.556,1.0,1.1,0.874,1.1,3.0,4.1,4.6,1.2,0.2,1.6,1.6,12.7,,gilleco01,39.0,26.0,PG,80.0,58.0,2282.0,15.3,0.575,0.686,0.103,4.2,12.0,8.0,23.3,2.1,0.7,12.4,18.7,3.6,2.5,6.2,0.13,1.9,0.6,2.5,2.6,,gilleco01,374,PHO,2296274.0,0.44680851063829785,0.5157894736842106,0.6137339055793989,0.4642857142857143,0.3180327868852459,0.6594982078853047,0.39772727272727265,0.42465753424657526,0.36213991769547327,0.44444444444444436,0.25,0.4293805888481649,0.5165245827451294
144.0,Deandre Ayton,27.0,LAL,C,72.0,72.0,27.2,5.6,8.3,0.671,0.0,0.0,,5.6,8.3,0.671,0.671,1.3,2.0,0.645,2.6,5.4,8.0,0.8,0.6,1.0,1.2,2.2,12.5,,aytonde01,87.0,27.0,C,72.0,72.0,1958.0,18.2,0.676,0.0,0.235,11.5,22.6,17.2,4.5,1.0,3.3,11.1,16.7,4.0,2.2,6.2,0.152,0.0,-0.9,-0.9,0.6,,aytonde01,70,POR,33654814.0,0.13131313131313133,0.2561576354679803,0.6250000000000001,0.40410958904109595,0.3770491803278688,0.689795918367347,0.04807692307692309,0.5148514851485148,0.3619909502262444,0.3846153846153847,0.3,0.3033603351957836,0.08627612824437836
145.0,GG Jackson II,21.0,MEM,PF,55.0,28.0,21.4,4.6,9.3,0.496,1.2,3.5,0.332,3.5,5.8,0.595,0.558,2.0,2.7,0.742,0.9,3.4,4.3,1.5,0.6,0.8,1.5,1.4,12.5,,jacksgg01,238.0,21.0,PF,55.0,28.0,1178.0,15.6,0.591,0.375,0.294,4.4,17.4,10.8,10.7,1.2,3.4,12.8,23.5,0.4,0.9,1.3,0.052,0.0,-1.2,-1.2,0.2,,jacksgg01,406,MEM,2221677.0,0.2156862745098039,0.2913907284768212,0.5696721311475409,0.1521739130434783,0.41015625,0.45418326693227085,0.2,0.25274725274725274,0.3656716417910448,0.26666666666666666,0.4210526315789474,0.3164151135736632,0.3963798706091786
146.0,Malik Monk,27.0,SAC,SG,62.0,3.0,22.0,4.5,10.2,0.438,2.0,5.1,0.395,2.5,5.1,0.481,0.536,1.5,1.7,0.879,0.2,1.6,1.9,3.0,0.6,0.4,1.5,1.6,12.5,,monkma01,200.0,27.0,SG,62.0,3.0,1364.0,14.2,0.568,0.497,0.169,1.2,8.6,4.8,20.6,1.3,1.6,11.8,24.0,0.8,0.2,1.0,0.034,0.8,-2.1,-1.3,0.2,,monkma01,99,SAC,18797619.0,0.2982456140350877,0.48387096774193555,0.4265402843601895,0.22580645161290328,0.37547892720306514,0.46502057613168724,0.4444444444444444,0.15517241379310343,0.44230769230769235,0.2222222222222222,0.3076923076923077,0.354463708458822,0.12082355320292434
148.0,Jaylen Wells,22.0,MEM,SG,69.0,69.0,26.4,4.4,10.1,0.431,1.9,5.3,0.353,2.5,4.8,0.517,0.524,1.9,2.5,0.784,0.9,2.3,3.2,1.6,0.9,0.1,1.1,2.1,12.5,,wellsja01,110.0,22.0,SG,69.0,69.0,1821.0,11.5,0.559,0.523,0.245,3.6,9.6,6.5,8.8,1.6,0.5,8.7,19.3,0.9,0.7,1.6,0.042,-1.8,-1.4,-3.1,-0.5,,wellsja01,433,MEM,1955377.0,0.17543859649122806,0.3387096774193548,0.383886255924171,0.29032258064516137,0.37547892720306514,0.6460905349794238,0.18518518518518517,0.37931034482758624,0.2692307692307693,0.38888888888888884,0.07692307692307693,0.2865989057455913,0.4273876610075296
149.0,Max Christie,22.0,DAL,SG,77.0,68.0,29.1,4.2,9.4,0.441,2.3,5.8,0.404,1.8,3.6,0.502,0.566,1.6,1.8,0.899,0.2,3.0,3.2,2.0,0.6,0.4,1.2,1.3,12.3,,chrisma02,48.0,22.0,SG,77.0,68.0,2244.0,11.0,0.601,0.615,0.192,0.7,10.9,5.9,9.3,1.0,1.0,10.9,16.5,1.3,1.4,2.7,0.058,-1.0,-0.6,-1.5,0.3,,chrisma02,207,DAL,7714286.0,0.3157894736842105,0.467741935483871,0.5829383886255926,0.4086021505376345,0.36781609195402304,0.7572016460905351,0.25925925925925924,0.37931034482758624,0.23717948717948723,0.2222222222222222,0.3076923076923077,0.36851451220502873,0.18037257779754226
150.0,Noah Clowney,21.0,BRK,PF,66.0,60.0,27.0,3.8,9.6,0.396,2.0,5.9,0.329,1.8,3.6,0.506,0.498,2.7,3.4,0.804,0.8,3.3,4.1,1.6,0.8,0.7,1.5,2.5,12.3,,clownno01,117.0,21.0,PF,66.0,60.0,1780.0,11.2,0.554,0.621,0.355,3.2,15.3,8.9,9.5,1.4,2.3,12.3,20.4,-0.1,1.2,1.1,0.029,-2.3,-1.1,-3.4,-0.6,,clownno01,305,BRK,3398640.0,0.058823529411764705,0.1456953642384106,0.41803278688524614,0.13043478260869568,0.40234375,0.6772908366533864,0.21818181818181823,0.23076923076923073,0.2014925373134328,0.4000000000000001,0.3684210526315789,0.2354847483882474,0.19248773328653196
151.0,De'Anthony Melton,27.0,GSW,PG,49.0,24.0,23.0,4.4,10.8,0.407,1.5,5.0,0.294,2.9,5.8,0.505,0.475,2.0,2.5,0.826,0.8,2.4,3.2,2.6,1.6,0.4,1.9,1.9,12.3,,meltode01,257.0,27.0,PG,49.0,24.0,1125.0,13.4,0.518,0.464,0.229,3.8,12.0,7.8,16.9,3.3,1.6,13.5,25.4,-0.7,1.5,0.7,0.031,-2.6,0.1,-2.5,-0.1,,meltode01,317,GSW,3080921.0,0.15957446808510636,0.25263157894736843,0.36909871244635195,0.1369047619047619,0.3049180327868853,0.4623655913978495,0.17045454545454544,0.3013698630136986,0.2839506172839506,0.6666666666666666,0.5,0.2772446766310777,0.24638965094519547
152.0,Jonathan Kuminga,23.0,2TM,PF,36.0,14.0,23.1,4.4,9.4,0.463,1.0,2.9,0.333,3.4,6.5,0.521,0.515,2.5,3.4,0.724,1.4,4.3,5.6,2.3,0.6,0.3,1.9,1.5,12.2,,kuminjo01,321.0,23.0,PF,36.0,14.0,830.0,14.2,0.557,0.31,0.363,6.4,20.7,13.4,14.7,1.3,1.2,14.6,23.4,0.1,0.9,1.0,0.059,-1.5,-0.5,-2.0,0.0,,kuminjo01,80,ATL,23799569.0,0.1764705882352941,0.23841059602649003,0.43032786885245927,0.11956521739130437,0.39843749999999994,0.5219123505976095,0.34545454545454546,0.3956043956043956,0.3134328358208955,0.26666666666666666,0.15789473684210525,0.27145489108459875,0.0856414414272469
153.0,Donte DiVincenzo,29.0,MIN,SG,82.0,82.0,30.4,4.1,10.2,0.406,3.0,7.9,0.379,1.2,2.3,0.497,0.552,1.0,1.3,0.743,0.8,3.3,4.1,3.8,1.3,0.4,1.4,2.4,12.2,,divindo01,21.0,29.0,SG,82.0,82.0,2494.0,12.5,0.567,0.771,0.126,3.0,11.6,7.4,16.8,2.0,1.2,11.8,16.9,2.3,2.9,5.2,0.1,0.0,0.7,0.8,1.7,,divindo01,148,MIN,11990000.0,0.5614035087719298,0.653225806451613,0.4218009478672985,0.6774193548387099,0.3639846743295019,0.8106995884773662,0.5925925925925926,0.5344827586206896,0.33333333333333337,0.6111111111111112,0.3076923076923077,0.50938024241391,0.20505848610835475
154.0,Cameron Johnson,29.0,DEN,SF,54.0,54.0,30.5,4.2,8.8,0.48,2.0,4.7,0.43,2.2,4.1,0.539,0.596,1.7,2.1,0.839,0.8,3.0,3.8,2.4,0.7,0.4,0.9,2.3,12.2,,johnsca02,140.0,29.0,SF,54.0,54.0,1647.0,12.8,0.629,0.539,0.236,3.1,10.6,7.0,10.6,1.2,1.2,8.2,15.1,2.7,1.0,3.7,0.108,0.3,-0.9,-0.6,0.6,,johnsca02,89,DEN,21057065.0,0.2769230769230769,0.312,0.8903225806451612,0.3518518518518519,0.33467741935483863,0.7748091603053435,0.26666666666666666,0.2777777777777778,0.2295918367346939,0.27777777777777773,0.30000000000000004,0.34775581299652075,0.1141217148220202
155.0,Tre Johnson,19.0,WAS,SG,60.0,42.0,24.1,4.5,10.8,0.419,1.9,5.4,0.358,2.6,5.4,0.479,0.508,1.3,1.5,0.874,0.5,2.4,2.8,2.0,0.6,0.3,1.6,2.0,12.2,,johnstr03,179.0,19.0,SG,60.0,42.0,1443.0,10.6,0.535,0.496,0.134,2.1,10.7,6.3,12.4,1.1,1.1,11.9,22.5,-0.6,-0.1,-0.7,-0.024,-2.1,-2.9,-5.0,-1.1,,johnstr03,198,WAS,8237640.0,0.07017543859649121,0.18548387096774194,0.270142180094787,0.04301075268817206,0.3639846743295019,0.551440329218107,0.25925925925925924,0.31034482758620685,0.21153846153846156,0.2222222222222222,0.23076923076923075,0.20293980737491862,0.09623866369137256
156.0,Duncan Robinson,31.0,DET,SG,77.0,77.0,27.4,4.1,9.1,0.456,2.9,7.0,0.41,1.3,2.1,0.605,0.613,1.1,1.4,0.755,0.4,2.3,2.7,2.1,0.6,0.3,0.7,2.2,12.2,,robindu01,63.0,31.0,SG,77.0,77.0,2113.0,12.4,0.629,0.768,0.158,1.6,9.2,5.4,10.1,1.0,1.0,6.7,15.8,3.8,2.3,6.1,0.139,0.8,-0.1,0.8,1.5,,robindu01,110,DET,16834692.0,0.5263157894736842,0.653225806451613,0.7156398104265405,0.7741935483870968,0.3639846743295019,0.6872427983539094,0.27777777777777773,0.2931034482758621,0.326923076923077,0.2222222222222222,0.23076923076923075,0.48652573002710886,0.17231654550043796
157.0,Donovan Clingan,21.0,POR,C,77.0,77.0,27.2,4.6,8.9,0.52,1.1,3.2,0.341,3.5,5.7,0.621,0.582,1.8,2.6,0.68,4.5,7.1,11.6,2.1,0.6,1.7,1.2,2.4,12.1,,clingdo01,65.0,21.0,C,77.0,77.0,2094.0,20.9,0.604,0.36,0.297,17.7,28.6,23.1,11.4,1.0,5.5,10.9,16.9,5.1,3.5,8.6,0.197,2.4,0.6,3.0,2.6,,clingdo01,214,POR,7178400.0,0.33333333333333337,0.4482758620689656,0.3437499999999999,0.5684931506849314,0.3606557377049181,0.689795918367347,0.1730769230769231,0.8712871287128713,0.4841628959276018,0.3846153846153847,0.5333333333333333,0.40804107935735684,0.20701432736768924
158.0,Moses Moody,23.0,GSW,SG,60.0,49.0,25.7,4.1,9.3,0.44,2.5,6.3,0.401,1.6,3.0,0.522,0.575,1.5,1.9,0.77,0.9,2.5,3.3,1.6,1.0,0.6,1.0,2.0,12.1,,moodymo01,158.0,23.0,SG,60.0,49.0,1540.0,13.5,0.6,0.677,0.203,3.6,11.0,7.2,9.2,1.8,2.0,8.6,18.3,1.7,1.4,3.1,0.096,0.2,-0.3,-0.1,0.7,,moodymo01,152,GSW,11574075.0,0.3859649122807018,0.5806451612903226,0.5781990521327015,0.45161290322580655,0.3601532567049808,0.6172839506172839,0.18518518518518517,0.396551724137931,0.3974358974358975,0.4444444444444445,0.4615384615384615,0.4325804171097988,0.17665228926471124
159.0,Christian Braun,24.0,DEN,SG,44.0,44.0,31.8,4.6,8.8,0.519,1.0,3.3,0.301,3.6,5.6,0.646,0.575,1.8,2.3,0.782,1.4,3.4,4.8,2.7,0.7,0.3,1.0,2.3,12.0,,braunch01,189.0,24.0,SG,44.0,44.0,1399.0,12.6,0.607,0.368,0.26,5.1,11.5,8.4,11.4,1.0,0.8,9.0,14.8,2.2,0.8,3.0,0.103,-0.4,-0.9,-1.2,0.3,,braunch01,268,DEN,4921797.0,0.3157894736842105,0.49193548387096775,0.6113744075829385,0.44086021505376344,0.3563218390804598,0.8683127572016461,0.3888888888888889,0.6551724137931034,0.33974358974358976,0.27777777777777773,0.23076923076923075,0.3864133103862892,0.24246701725335568
160.0,Josh Hart,30.0,NYK,SF,66.0,52.0,30.2,4.6,9.0,0.508,1.5,3.7,0.413,3.0,5.3,0.574,0.593,1.4,1.9,0.72,1.4,6.0,7.4,4.8,1.1,0.3,1.9,2.5,12.0,,hartjo01,80.0,30.0,SF,66.0,52.0,1994.0,15.7,0.612,0.409,0.211,5.2,22.1,13.6,21.6,1.9,0.9,16.5,16.7,3.1,3.0,6.1,0.147,1.0,2.0,3.0,2.5,,hartjo01,93,NYK,19472240.0,0.5692307692307692,0.6,0.7806451612903225,0.5740740740740741,0.32661290322580644,0.7633587786259542,0.5866666666666666,0.6777777777777778,0.37755102040816324,0.5000000000000001,0.19999999999999998,0.5032123526162643,0.16948941427234865
161.0,Miles McBride,25.0,NYK,SG,41.0,15.0,26.3,4.2,9.9,0.423,2.7,6.6,0.413,1.4,3.2,0.444,0.562,0.9,1.1,0.787,0.6,1.9,2.4,2.6,0.9,0.2,0.8,1.7,12.0,,mcbrimi01,266.0,25.0,SG,41.0,15.0,1080.0,13.1,0.578,0.671,0.116,2.5,7.9,5.2,13.5,1.6,0.9,7.2,18.2,1.6,1.1,2.7,0.119,1.0,0.2,1.2,0.9,,mcbrimi01,280,NYK,4333333.0,0.42105263157894735,0.685483870967742,0.4739336492890995,0.4086021505376345,0.3563218390804598,0.6419753086419754,0.37037037037037035,0.24137931034482757,0.37179487179487186,0.38888888888888884,0.15384615384615385,0.4277229707051725,0.2916948648752303
163.0,Dyson Daniels,22.0,ATL,SG,76.0,76.0,33.2,5.3,10.2,0.517,0.3,1.5,0.188,5.0,8.7,0.576,0.532,1.0,1.6,0.615,2.4,4.4,6.8,5.9,2.0,0.4,1.8,2.2,11.9,DPOY-9DEF2,daniedy01,19.0,22.0,SG,76.0,76.0,2520.0,15.5,0.542,0.151,0.157,7.8,14.7,11.2,23.9,2.8,1.1,14.0,16.0,3.1,3.6,6.6,0.126,-0.6,1.8,1.3,2.1,DPOY-9DEF2,daniedy01,208,ATL,7707709.0,0.631578947368421,0.6935483870967742,0.303317535545024,0.8279569892473119,0.3524904214559387,0.925925925925926,0.9814814814814815,1.0,0.5256410256410257,1.0,0.3076923076923077,0.5817142950644436,0.28484394977826716
165.0,Myles Turner,29.0,MIL,C,71.0,71.0,26.9,4.0,9.1,0.44,2.1,5.4,0.383,1.9,3.7,0.523,0.553,1.8,2.5,0.74,1.1,4.3,5.3,1.5,0.7,1.6,1.2,2.6,11.9,,turnemy01,93.0,29.0,C,71.0,71.0,1912.0,14.2,0.584,0.594,0.274,4.5,17.8,11.2,7.7,1.3,6.0,10.3,18.6,1.2,1.8,3.0,0.076,-0.9,0.0,-0.9,0.5,,turnemy01,72,MIL,25318251.0,0.12121212121212123,0.2561576354679803,0.2656249999999998,0.18493150684931509,0.3524590163934427,0.6775510204081633,0.11538461538461539,0.2475247524752475,0.1809954751131222,0.46153846153846156,0.5,0.2611136562008382,0.08080197871274486
166.0,Wendell Carter Jr.,26.0,ORL,C,78.0,78.0,29.3,4.2,8.2,0.512,0.9,2.9,0.319,3.3,5.3,0.618,0.568,2.5,3.2,0.792,2.1,5.3,7.4,2.0,0.8,0.6,1.3,3.4,11.8,,cartewe01,38.0,26.0,C,78.0,78.0,2288.0,14.1,0.617,0.355,0.392,7.8,20.5,14.1,9.5,1.3,1.9,11.8,15.6,3.4,2.8,6.2,0.131,-1.0,0.5,-0.6,0.8,,cartewe01,163,ORL,10850000.0,0.15151515151515155,0.27093596059113306,0.3945312499999999,0.40410958904109595,0.3483606557377049,0.7755102040816327,0.1634615384615385,0.45544554455445546,0.17647058823529416,0.5384615384615385,0.16666666666666666,0.2814070514730335,0.1180316974840646
167.0,Dylan Harper,19.0,SAS,SG,69.0,4.0,22.6,4.8,9.5,0.505,0.9,2.6,0.343,3.9,6.9,0.565,0.551,1.3,1.7,0.756,0.8,2.6,3.4,3.9,0.8,0.3,1.4,2.0,11.8,ROY-46MOY-11,harpedy01,154.0,19.0,SG,69.0,4.0,1558.0,16.2,0.574,0.271,0.181,3.8,12.1,8.1,24.7,1.7,1.4,12.3,21.8,2.0,2.2,4.2,0.13,0.3,1.1,1.4,1.3,ROY-46MOY-11,harpedy01,145,SAS,12370320.0,0.49122807017543857,0.7016129032258065,0.4549763033175355,0.5698924731182797,0.3486590038314177,0.48971193415637865,0.611111111111111,0.41379310344827586,0.5705128205128205,0.33333333333333337,0.23076923076923075,0.4728083614362877,0.1879729460014763
169.0,Nic Claxton,26.0,BRK,C,69.0,68.0,27.8,4.8,8.4,0.571,0.0,0.3,0.158,4.8,8.2,0.585,0.574,2.0,3.3,0.616,2.4,4.5,6.9,3.7,0.7,1.1,1.4,2.3,11.7,,claxtni01,92.0,26.0,C,69.0,68.0,1920.0,17.6,0.592,0.033,0.393,9.6,19.9,14.5,21.8,1.2,3.7,12.3,17.7,3.3,1.5,4.8,0.121,0.3,0.6,0.9,1.4,,claxtni01,71,BRK,25352272.0,0.21212121212121213,0.3448275862068966,0.29687499999999983,0.3082191780821918,0.34426229508196715,0.7142857142857144,0.326923076923077,0.4059405940594059,0.33484162895927616,0.46153846153846156,0.3333333333333333,0.31677438913742,0.09798555175103552
170.0,Isaiah Collier,21.0,UTA,PG,59.0,19.0,25.7,4.3,8.7,0.495,0.5,1.7,0.27,3.9,7.0,0.549,0.521,2.6,3.5,0.722,0.4,2.2,2.5,7.2,1.1,0.3,2.5,2.3,11.7,,colliis01,161.0,21.0,PG,59.0,19.0,1517.0,14.8,0.567,0.194,0.406,1.5,9.4,5.3,39.2,2.0,1.3,19.6,20.4,1.3,0.3,1.7,0.053,-0.7,-1.8,-2.4,-0.2,,colliis01,339,UTA,2638200.0,0.14893617021276598,0.2578947368421053,0.579399141630901,0.1964285714285714,0.2852459016393442,0.5591397849462366,0.6931818181818181,0.2054794520547945,0.34156378600823045,0.3888888888888889,0.37499999999999994,0.2740655115321004,0.2825135520125078
171.0,Bilal Coulibaly,21.0,WAS,SG,56.0,56.0,26.2,4.1,9.7,0.425,1.2,3.6,0.319,2.9,6.0,0.49,0.485,2.4,3.2,0.746,0.9,3.5,4.3,2.6,1.3,1.0,1.4,2.3,11.7,,coulibi01,172.0,21.0,SG,56.0,56.0,1468.0,13.5,0.531,0.377,0.327,3.5,14.5,8.9,13.9,2.4,3.2,11.6,19.9,0.2,0.8,1.0,0.031,-1.7,-0.4,-2.1,-0.1,,coulibi01,212,WAS,7275600.0,0.24561403508771928,0.41935483870967744,0.251184834123223,0.22580645161290328,0.3448275862068965,0.6378600823045267,0.37037037037037035,0.5689655172413793,0.3974358974358975,0.6111111111111112,0.7692307692307692,0.36136916555576526,0.18209341367280696
172.0,Derik Queen,21.0,NOP,C,81.0,48.0,25.0,4.4,9.2,0.473,0.3,1.1,0.261,4.1,8.1,0.502,0.489,2.7,3.4,0.795,1.7,5.4,7.1,3.7,1.0,0.9,2.3,2.7,11.7,,queende01,74.0,21.0,C,81.0,48.0,2023.0,15.9,0.546,0.118,0.365,7.2,23.5,15.2,21.1,2.0,3.5,18.0,21.8,0.4,2.3,2.7,0.063,-1.5,0.7,-0.8,0.6,,queende01,259,NOP,5157960.0,0.13131313131313133,0.26108374384236455,0.1171875000000001,0.16438356164383564,0.34426229508196715,0.6000000000000001,0.326923076923077,0.4257425742574257,0.2579185520361992,0.6923076923076924,0.26666666666666666,0.25873955559475553,0.15771598000012554
173.0,Klay Thompson,35.0,DAL,SF,69.0,8.0,21.7,4.1,10.6,0.393,2.9,7.6,0.383,1.2,2.9,0.418,0.532,0.5,0.7,0.766,0.3,1.8,2.1,1.4,0.5,0.3,0.9,1.0,11.7,,thompkl01,165.0,35.0,SF,69.0,8.0,1497.0,11.4,0.541,0.724,0.065,1.3,8.8,5.1,9.5,1.0,1.2,7.8,22.7,-0.3,0.9,0.5,0.018,0.2,-1.5,-1.4,0.2,,thompkl01,111,DAL,16666667.0,0.21538461538461537,0.248,0.32258064516129054,0.05555555555555556,0.314516129032258,0.4389312977099237,0.13333333333333333,0.08888888888888889,0.15816326530612246,0.16666666666666666,0.19999999999999998,0.23809087597635104,0.08462712993359081
174.0,Mark Williams,24.0,PHO,C,60.0,55.0,23.6,4.7,7.3,0.644,0.0,0.0,1.0,4.7,7.3,0.643,0.645,2.3,2.9,0.771,3.1,4.9,8.0,1.0,0.9,0.9,1.1,2.2,11.7,,willima07,186.0,24.0,C,60.0,55.0,1416.0,21.8,0.68,0.002,0.4,14.0,23.7,18.7,6.3,1.9,3.7,11.2,17.4,4.0,2.3,6.3,0.215,1.5,0.5,2.0,1.4,,willima07,229,PHO,6276531.0,0.21212121212121213,0.39901477832512317,0.6406250000000001,0.4109589041095891,0.34426229508196715,0.5428571428571429,0.06730769230769232,0.5148514851485148,0.5248868778280544,0.6153846153846155,0.26666666666666666,0.35930966532503616,0.1956153385921687
175.0,Obi Toppin,27.0,IND,PF,24.0,3.0,17.7,4.2,8.3,0.503,1.5,4.4,0.352,2.6,3.9,0.67,0.595,1.8,1.9,0.913,0.5,3.9,4.4,2.3,0.5,0.0,1.2,1.2,11.6,,toppiob01,403.0,27.0,PF,24.0,3.0,424.0,19.7,0.636,0.528,0.231,3.3,24.4,13.6,21.2,1.3,0.2,11.3,24.8,0.7,0.3,1.1,0.124,3.4,-0.4,3.0,0.5,,toppiob01,128,IND,14000000.0,0.2745098039215686,0.5695364238410596,0.7540983606557379,0.13043478260869568,0.37499999999999994,0.3067729083665338,0.34545454545454546,0.2637362637362638,0.5186567164179103,0.19999999999999998,0.0,0.3494630479799944,0.13241965002364756
176.0,Jarace Walker,22.0,IND,PF,76.0,41.0,25.7,4.0,9.6,0.419,1.8,4.7,0.374,2.3,5.0,0.462,0.51,1.8,2.4,0.749,0.6,4.5,5.1,2.5,0.8,0.3,1.8,1.6,11.6,,walkeja02,88.0,22.0,PF,76.0,41.0,1953.0,11.5,0.543,0.486,0.25,2.7,19.5,10.9,14.3,1.5,1.1,14.6,20.7,-1.0,1.5,0.5,0.013,-1.8,-0.7,-2.4,-0.2,,walkeja02,222,IND,6665520.0,0.1372549019607843,0.2119205298013245,0.37295081967213134,0.06521739130434782,0.37499999999999994,0.6254980079681274,0.38181818181818183,0.3406593406593406,0.2126865671641791,0.4000000000000001,0.15789473684210525,0.2465779731721605,0.1299866823232783
177.0,Rui Hachimura,27.0,LAL,PF,68.0,41.0,28.3,4.5,8.8,0.514,1.7,3.9,0.443,2.8,4.9,0.57,0.611,0.7,1.1,0.694,0.6,2.7,3.3,0.8,0.6,0.3,0.6,1.6,11.5,,hachiru01,90.0,27.0,PF,68.0,41.0,1927.0,11.6,0.62,0.439,0.121,2.6,10.9,6.9,4.1,1.0,1.0,6.3,15.2,2.1,1.1,3.2,0.08,-0.8,-1.5,-2.2,-0.1,,hachiru01,101,LAL,18259259.0,0.1568627450980392,0.22516556291390724,0.6885245901639345,0.3586956521739131,0.37109375,0.7290836653386454,0.07272727272727274,0.14285714285714285,0.21641791044776118,0.26666666666666666,0.15789473684210525,0.28332232367974386,0.09754020248020152
178.0,Kyle Filipowski,22.0,UTA,C,77.0,41.0,23.4,4.2,8.5,0.492,1.0,3.0,0.325,3.2,5.6,0.58,0.548,2.1,2.8,0.75,1.9,5.3,7.2,2.6,0.9,0.5,1.6,3.0,11.4,,filipky01,114.0,22.0,C,77.0,41.0,1801.0,16.0,0.586,0.347,0.323,8.4,25.1,16.6,15.7,1.9,2.1,14.3,20.0,1.8,1.3,3.1,0.082,-0.6,-0.5,-1.1,0.4,,filipky01,318,UTA,3000000.0,0.11111111111111113,0.24630541871921185,0.2734374999999998,0.19178082191780824,0.3319672131147542,0.5346938775510204,0.2211538461538462,0.43564356435643564,0.2624434389140272,0.6153846153846155,0.13333333333333333,0.2435887246845025,0.22172401237183914
179.0,Pelle Larsson,24.0,MIA,SG,70.0,54.0,26.4,4.0,8.0,0.496,0.9,2.7,0.323,3.1,5.2,0.586,0.551,2.6,3.3,0.797,1.0,2.5,3.5,3.4,0.7,0.2,1.4,2.1,11.4,,larsspe01,106.0,24.0,SG,70.0,54.0,1849.0,13.1,0.605,0.343,0.413,3.8,9.9,6.8,16.8,1.2,0.8,13.3,16.8,2.6,1.5,4.1,0.106,-1.2,0.0,-1.2,0.4,,larsspe01,442,MIA,1955377.0,0.3333333333333333,0.49193548387096775,0.6018957345971565,0.5591397849462365,0.3333333333333333,0.6460905349794238,0.5185185185185185,0.4310344827586207,0.37179487179487186,0.27777777777777773,0.15384615384615385,0.3816438682072547,0.5691224805853033
181.0,Sandro Mamukelashvili,26.0,TOR,C,80.0,13.0,21.9,4.1,7.9,0.523,1.4,3.7,0.389,2.7,4.2,0.642,0.614,1.5,2.0,0.747,1.4,3.6,4.9,1.9,0.8,0.5,0.8,1.8,11.2,6MOY-10,mamuksa01,123.0,26.0,C,80.0,13.0,1751.0,18.1,0.637,0.469,0.25,6.9,18.8,12.8,12.4,1.8,2.3,8.7,18.8,3.6,2.5,6.2,0.169,2.1,0.7,2.8,2.1,6MOY-10,mamuksa01,344,TOR,2461463.0,0.2828282828282829,0.438423645320197,0.47265625,0.40410958904109595,0.32377049180327866,0.473469387755102,0.15384615384615385,0.20792079207920794,0.3574660633484164,0.5384615384615385,0.13333333333333333,0.34443447314696957,0.3823838150814844
183.0,Julian Champagnie,24.0,SAS,SF,82.0,68.0,27.6,3.7,8.4,0.437,2.4,6.2,0.381,1.3,2.2,0.599,0.578,1.4,1.6,0.844,0.9,4.9,5.8,1.5,0.8,0.5,0.8,1.6,11.1,,champju02,42.0,24.0,SF,82.0,68.0,2266.0,13.1,0.609,0.743,0.196,3.6,18.4,11.2,7.3,1.3,1.5,8.4,15.2,2.8,3.4,6.2,0.132,0.5,0.8,1.4,1.9,,champju02,320,SAS,3000000.0,0.4769230769230769,0.47200000000000003,0.761290322580645,0.5833333333333334,0.29032258064516125,0.6641221374045803,0.14666666666666667,0.5,0.24489795918367344,0.33333333333333337,0.4,0.4337813453030711,0.3948447962738165
184.0,Isaiah Joe,26.0,OKC,SG,71.0,9.0,21.2,3.5,7.6,0.455,2.5,6.0,0.423,0.9,1.6,0.574,0.622,1.5,1.7,0.894,0.5,2.1,2.5,1.3,0.7,0.2,0.6,1.7,11.1,,joeis01,162.0,26.0,SG,71.0,9.0,1507.0,15.5,0.657,0.788,0.227,2.5,10.2,6.5,8.6,1.6,0.7,7.0,18.4,3.2,2.4,5.5,0.176,2.0,0.5,2.5,1.7,,joeis01,146,OKC,12362338.0,0.5614035087719298,0.7903225806451615,0.8483412322274885,0.7096774193548387,0.32183908045977005,0.43209876543209874,0.12962962962962962,0.25862068965517243,0.5256410256410257,0.27777777777777773,0.15384615384615385,0.5135424722226659,0.20421988519215484
185.0,Cam Spencer,25.0,MEM,SG,72.0,20.0,23.8,3.7,7.7,0.473,2.0,4.5,0.449,1.6,3.2,0.506,0.604,1.8,1.9,0.94,0.6,2.0,2.5,5.6,0.7,0.2,1.3,1.4,11.1,,spencca01,131.0,25.0,SG,72.0,20.0,1714.0,17.2,0.649,0.585,0.241,2.5,9.2,5.8,33.1,1.4,0.6,13.1,17.2,4.7,0.6,5.3,0.149,3.0,-0.8,2.2,1.8,,spencca01,342,MEM,2537989.0,0.5789473684210525,0.7661290322580646,0.8104265402843606,0.6881720430107529,0.32183908045977005,0.5390946502057613,0.9259259259259258,0.25862068965517243,0.6346153846153846,0.27777777777777773,0.15384615384615385,0.5305396949829075,0.5696324078389807
186.0,Kel'el Ware,21.0,MIA,C,77.0,34.0,22.1,4.5,8.4,0.53,1.2,3.0,0.395,3.3,5.4,0.606,0.601,0.9,1.2,0.74,2.8,6.2,9.0,0.7,0.8,1.1,0.8,1.5,11.1,,wareke01,132.0,21.0,C,77.0,34.0,1704.0,20.0,0.616,0.359,0.148,13.1,29.2,21.1,4.6,1.6,4.4,8.2,18.0,3.2,3.0,6.2,0.175,2.1,0.1,2.1,1.8,,wareke01,277,MIA,4443360.0,0.25252525252525254,0.4039408866995074,0.3906249999999999,0.40410958904109595,0.319672131147541,0.4816326530612246,0.038461538461538464,0.6138613861386137,0.4434389140271494,0.5384615384615385,0.3333333333333333,0.3444643503808719,0.23096543187455187
188.0,Rudy Gobert,33.0,MIN,C,76.0,76.0,31.3,4.4,6.5,0.682,0.0,0.1,0.0,4.4,6.4,0.689,0.682,2.1,4.0,0.526,3.9,7.5,11.5,1.7,0.8,1.6,1.4,2.6,10.9,DPOY-4DEF1,goberru01,27.0,33.0,C,76.0,76.0,2380.0,17.5,0.664,0.01,0.615,14.1,25.9,20.1,7.2,1.2,4.5,14.5,12.9,4.8,4.0,8.7,0.176,0.0,0.9,1.0,1.8,DPOY-4DEF1,goberru01,45,MIN,35000000.0,0.25252525252525254,0.3497536945812808,0.5781250000000001,0.5753424657534246,0.3114754098360656,0.8571428571428573,0.13461538461538464,0.8613861386138612,0.330316742081448,0.5384615384615385,0.5,0.37113955708521545,0.10438909233818781
189.0,Jusuf Nurkić,31.0,UTA,C,41.0,36.0,26.4,4.4,8.7,0.503,0.6,1.7,0.352,3.8,7.0,0.54,0.538,1.5,2.8,0.549,2.6,7.8,10.4,4.8,1.3,0.5,2.5,3.3,10.9,,nurkiju01,265.0,31.0,C,41.0,36.0,1083.0,16.4,0.548,0.198,0.316,10.3,32.6,21.2,25.4,2.3,2.0,19.9,19.3,0.4,1.1,1.5,0.068,-0.5,1.6,1.1,0.9,,nurkiju01,95,UTA,19375000.0,0.16161616161616166,0.35467980295566504,0.1250000000000001,0.0821917808219178,0.3114754098360656,0.6571428571428571,0.43269230769230776,0.7524752475247525,0.28054298642533937,0.9230769230769231,0.13333333333333333,0.27842026218972177,0.09393448213262547
190.0,Dennis Schröder,32.0,2TM,PG,70.0,17.0,24.2,3.6,9.0,0.405,1.1,3.3,0.329,2.6,5.7,0.449,0.465,2.4,2.9,0.834,0.5,2.2,2.7,4.9,0.8,0.2,1.8,1.6,10.8,,schrode01,134.0,32.0,PG,70.0,17.0,1697.0,12.9,0.526,0.362,0.326,2.1,10.5,6.2,27.7,1.6,0.6,14.7,21.0,0.8,0.7,1.5,0.043,-0.9,-1.3,-2.2,-0.1,,schrode01,126,CLE,14104000.0,0.15957446808510636,0.26842105263157895,0.40343347639484983,0.18452380952380953,0.2557377049180328,0.5053763440860215,0.4318181818181818,0.23287671232876714,0.26337448559670784,0.2222222222222222,0.25,0.23845595124756763,0.09010379576882284
193.0,Bub Carrington,20.0,WAS,PG,82.0,48.0,27.7,3.8,9.0,0.424,2.1,5.0,0.408,1.8,4.0,0.443,0.538,1.0,1.4,0.73,0.4,3.0,3.4,4.6,0.6,0.2,2.3,2.2,10.7,,carrica01,40.0,20.0,PG,82.0,48.0,2271.0,9.9,0.556,0.559,0.15,1.5,11.7,6.5,23.0,1.1,0.7,19.5,18.0,-0.3,-0.1,-0.4,-0.009,-2.2,-2.5,-4.7,-1.6,,carrica01,272,WAS,4677600.0,0.0,0.13684210526315788,0.5321888412017168,0.07142857142857144,0.2524590163934426,0.6308243727598567,0.39772727272727265,0.3287671232876712,0.13991769547325103,0.11111111111111106,0.25,0.15794542817739224,0.10237681336946508
194.0,Jakob Poeltl,30.0,TOR,C,46.0,44.0,25.0,4.7,6.7,0.7,0.0,0.0,,4.7,6.7,0.7,0.7,1.3,2.1,0.602,2.5,4.5,7.0,2.0,0.9,0.7,1.2,3.2,10.7,,poeltja01,250.0,30.0,C,46.0,44.0,1149.0,18.1,0.698,0.0,0.316,11.2,20.8,16.0,11.7,1.7,2.7,13.9,15.3,2.6,1.8,4.3,0.18,0.2,1.4,1.6,1.0,,poeltja01,92,TOR,19500000.0,0.17171717171717174,0.37931034482758624,0.7109374999999998,0.273972602739726,0.30327868852459017,0.6000000000000001,0.1634615384615385,0.4158415841584158,0.3574660633484164,0.6153846153846155,0.19999999999999998,0.3144491245297455,0.10586035321822901
195.0,Jock Landale,30.0,2TM,C,68.0,27.0,22.1,4.1,8.1,0.515,1.1,2.8,0.383,3.1,5.2,0.586,0.582,1.2,1.9,0.635,2.7,3.0,5.7,1.7,0.5,0.5,0.9,2.2,10.6,,landajo01,163.0,30.0,C,68.0,27.0,1506.0,16.6,0.595,0.352,0.23,12.9,14.9,13.9,11.1,1.1,2.2,9.0,18.3,2.7,1.1,3.8,0.122,0.9,-1.0,-0.1,0.7,,landajo01,396,ATL,2296274.0,0.14141414141414144,0.2955665024630542,0.30859374999999983,0.2397260273972603,0.29918032786885246,0.4816326530612246,0.13461538461538464,0.2871287128712871,0.2895927601809956,0.30769230769230776,0.13333333333333333,0.24139584490733124,0.2903878081718741
196.0,Marvin Bagley III,26.0,2TM,PF,60.0,12.0,20.0,4.2,6.9,0.618,0.4,0.9,0.462,3.8,6.0,0.641,0.647,1.6,2.4,0.66,2.5,3.6,6.1,1.4,0.5,0.7,1.0,2.1,10.5,,baglema01,232.0,26.0,PF,60.0,12.0,1201.0,20.2,0.661,0.127,0.35,13.2,19.3,16.3,10.8,1.1,3.1,11.4,18.6,3.0,0.8,3.8,0.15,1.8,-1.0,0.8,0.8,,baglema01,392,DAL,2296274.0,0.3333333333333333,0.423841059602649,0.8565573770491807,0.4239130434782609,0.33203125,0.398406374501992,0.1818181818181818,0.4505494505494505,0.5373134328358208,0.19999999999999998,0.3684210526315789,0.3915532582935643,0.4710200894388744
197.0,Tari Eason,24.0,HOU,PF,60.0,34.0,25.8,4.0,9.7,0.416,1.6,4.3,0.358,2.5,5.3,0.463,0.496,0.9,1.1,0.776,2.1,4.2,6.3,1.5,1.2,0.5,1.4,2.3,10.5,,easonta01,156.0,24.0,PF,60.0,34.0,1549.0,12.9,0.514,0.448,0.116,9.0,17.8,13.5,8.0,2.3,1.7,11.7,18.7,0.6,2.3,2.9,0.091,-1.8,0.2,-1.6,0.2,,easonta01,245,HOU,5675766.0,0.2156862745098039,0.2649006622516556,0.25409836065573776,0.32608695652173914,0.33203125,0.6294820717131474,0.2,0.4725274725274725,0.26492537313432835,0.6666666666666666,0.2631578947368421,0.30185364713173635,0.17385824519498436
199.0,A.J. Green,26.0,MIL,SG,78.0,68.0,29.1,3.4,7.9,0.424,3.0,7.1,0.419,0.4,0.8,0.469,0.612,0.7,0.8,0.855,0.4,2.4,2.7,1.9,0.5,0.1,1.0,2.3,10.4,,greenaj01,41.0,26.0,SG,78.0,68.0,2270.0,9.4,0.627,0.896,0.1,1.5,9.1,5.3,9.2,0.8,0.4,10.4,14.0,2.0,0.4,2.4,0.05,-1.5,-1.8,-3.3,-0.8,,greenaj01,355,MIL,2301587.0,0.12280701754385964,0.32258064516129037,0.7061611374407585,0.37634408602150543,0.2950191570881226,0.7572016460905351,0.2407407407407407,0.2931034482758621,0.13461538461538466,0.16666666666666666,0.07692307692307693,0.25187072119277004,0.3021485821618111
202.0,Egor Dёmin,19.0,BRK,PG,52.0,45.0,25.2,3.4,8.6,0.399,2.4,6.2,0.385,1.1,2.4,0.433,0.537,1.0,1.3,0.831,0.4,2.8,3.2,3.3,0.8,0.3,1.7,1.8,10.3,,demineg01,214.0,19.0,PG,52.0,45.0,1308.0,11.3,0.561,0.717,0.145,1.8,13.5,7.3,20.7,1.6,1.2,15.3,18.8,0.1,0.7,0.9,0.032,-0.9,-0.7,-1.6,0.1,,demineg01,218,BRK,6889200.0,0.18085106382978725,0.3,0.5536480686695281,0.1488095238095238,0.239344262295082,0.5412186379928315,0.24999999999999994,0.3013698630136986,0.19753086419753088,0.2222222222222222,0.37499999999999994,0.2529647338539003,0.13107286856477227
204.0,Will Riley,19.0,WAS,SF,74.0,18.0,22.1,3.7,8.4,0.439,1.1,3.3,0.316,2.6,5.0,0.52,0.502,1.9,2.4,0.8,0.8,2.1,2.9,2.0,0.7,0.1,1.3,1.2,10.3,,rileywi01,142.0,19.0,SF,74.0,18.0,1633.0,12.1,0.548,0.4,0.291,3.6,10.4,7.0,12.7,1.6,0.5,11.9,20.2,0.4,0.0,0.4,0.012,-1.9,-2.6,-4.5,-1.0,,rileywi01,301,WAS,3512520.0,0.030769230769230764,0.0,0.36774193548387124,0.0462962962962963,0.25806451612903225,0.45419847328244284,0.21333333333333335,0.17777777777777776,0.19387755102040813,0.27777777777777773,0.0,0.13907061323909745,0.11069559789241198
205.0,Khris Middleton,34.0,2TM,SF,63.0,50.0,22.8,3.6,8.6,0.42,1.1,3.0,0.36,2.5,5.6,0.452,0.482,1.9,2.2,0.875,0.8,2.9,3.7,2.8,0.7,0.1,1.7,2.3,10.2,,middlkh01,181.0,34.0,SF,63.0,50.0,1439.0,10.9,0.533,0.344,0.252,3.8,13.4,8.6,17.3,1.3,0.5,15.3,20.6,-0.3,0.5,0.3,0.008,-2.8,-1.5,-4.4,-0.9,,middlkh01,49,DAL,33296296.0,0.04615384615384614,0.007999999999999972,0.27096774193548406,0.03703703703703704,0.25403225806451607,0.4809160305343512,0.32,0.2666666666666667,0.1326530612244898,0.27777777777777773,0.0,0.13436053325343086,0.0383290819876604
206.0,Neemias Queta,26.0,BOS,C,76.0,75.0,25.3,4.3,6.6,0.653,0.0,0.1,0.125,4.3,6.5,0.662,0.654,1.6,2.3,0.703,3.0,5.3,8.4,1.7,0.8,1.3,1.0,2.8,10.2,,quetane01,91.0,26.0,C,76.0,75.0,1926.0,20.3,0.674,0.016,0.351,13.4,22.7,18.1,9.3,1.6,5.2,11.5,14.7,5.4,3.6,9.0,0.224,0.9,2.0,2.8,2.4,,quetane01,354,BOS,2349578.0,0.31313131313131315,0.438423645320197,0.6171875000000001,0.595890410958904,0.2827868852459016,0.6122448979591838,0.13461538461538464,0.5544554455445544,0.4570135746606336,0.5384615384615385,0.39999999999999997,0.39388627601220433,0.46109786642280265
207.0,D'Angelo Russell,29.0,DAL,PG,26.0,3.0,19.0,3.6,8.9,0.405,1.3,4.3,0.295,2.3,4.6,0.508,0.476,1.7,2.3,0.717,0.3,2.0,2.3,4.0,0.5,0.1,1.9,1.2,10.2,,russeda01,382.0,29.0,PG,26.0,3.0,495.0,12.3,0.511,0.483,0.259,1.7,11.2,6.5,31.2,1.1,0.3,15.9,26.0,-0.3,0.3,0.0,-0.004,-0.7,-1.6,-2.3,0.0,,russeda01,243,WAS,5685000.0,0.1702127659574468,0.2631578947368421,0.33905579399141633,0.09523809523809523,0.23606557377049178,0.31899641577060933,0.32954545454545453,0.17808219178082188,0.23868312757201648,0.05555555555555553,0.125,0.20366397809787443,0.11719434351813325
208.0,Jalen Smith,25.0,CHI,C,53.0,21.0,20.7,3.7,7.6,0.483,1.5,4.2,0.373,2.1,3.5,0.614,0.584,1.3,1.8,0.742,1.8,4.8,6.7,1.2,0.5,0.8,1.0,2.1,10.2,,smithja04,262.0,25.0,C,53.0,21.0,1095.0,16.6,0.608,0.545,0.23,9.6,24.6,17.2,8.5,1.0,3.3,10.6,19.0,1.5,1.1,2.6,0.114,0.2,-0.9,-0.7,0.4,,smithja04,186,CHI,9000000.0,0.11111111111111113,0.2660098522167488,0.3593749999999999,0.15753424657534248,0.2827868852459016,0.42448979591836733,0.08653846153846154,0.3861386138613861,0.2895927601809956,0.30769230769230776,0.23333333333333336,0.2251277613538112,0.10246005969346215
209.0,Ziaire Williams,24.0,BRK,SF,56.0,13.0,22.9,3.3,7.7,0.425,1.5,4.5,0.343,1.8,3.3,0.538,0.524,2.1,2.5,0.85,0.5,1.9,2.4,1.1,1.4,0.4,1.1,2.1,10.2,,willizi02,218.0,24.0,SF,56.0,13.0,1281.0,12.4,0.579,0.58,0.323,2.6,10.0,6.1,7.4,2.9,1.5,10.7,18.9,0.5,1.1,1.6,0.059,-2.0,0.4,-1.7,0.1,,willizi02,231,BRK,6250000.0,0.2,0.22399999999999998,0.5677419354838706,0.15740740740740744,0.25403225806451607,0.4847328244274809,0.09333333333333334,0.1222222222222222,0.20918367346938777,0.6666666666666666,0.30000000000000004,0.27295226065911327,0.14894413484944044
210.0,Precious Achiuwa,26.0,SAC,C,73.0,57.0,23.9,4.3,8.2,0.528,0.4,1.3,0.278,4.0,6.9,0.577,0.551,1.1,1.9,0.554,2.4,4.3,6.7,1.4,0.9,0.7,0.9,1.7,10.1,,achiupr01,125.0,26.0,C,73.0,57.0,1745.0,16.2,0.558,0.162,0.232,11.0,20.8,15.8,8.5,1.8,2.6,9.0,17.6,1.8,1.2,2.9,0.081,-0.5,-1.1,-1.6,0.2,,achiupr01,421,SAC,2111516.0,0.09090909090909091,0.22167487684729067,0.16406250000000014,0.17808219178082194,0.27868852459016397,0.5551020408163265,0.10576923076923077,0.3861386138613861,0.2714932126696833,0.6153846153846155,0.19999999999999998,0.22250426308700022,0.29770193390201966
211.0,Derrick Jones Jr.,28.0,LAC,SF,50.0,45.0,27.0,3.8,7.6,0.499,1.1,3.1,0.359,2.7,4.5,0.593,0.571,1.4,1.9,0.763,1.2,2.2,3.5,1.4,0.9,1.0,0.8,2.1,10.1,,jonesde02,204.0,28.0,SF,50.0,45.0,1350.0,13.3,0.6,0.404,0.245,5.4,9.4,7.5,7.3,1.7,3.5,8.7,15.1,1.7,1.1,2.8,0.1,-0.6,-0.1,-0.7,0.5,,jonesde02,175,LAC,10000000.0,0.26153846153846155,0.304,0.7032258064516127,0.26851851851851855,0.24999999999999997,0.6412213740458016,0.13333333333333333,0.24444444444444446,0.25510204081632654,0.38888888888888884,0.9,0.3425413950153352,0.14876383767860213
212.0,Kevin Huerter,27.0,2TM,SF,69.0,14.0,22.4,3.9,8.6,0.451,1.4,4.7,0.308,2.4,3.9,0.624,0.535,0.8,1.0,0.775,0.5,3.0,3.5,2.6,0.9,0.5,1.0,1.7,10.0,,huertke01,157.0,27.0,SF,69.0,14.0,1549.0,13.2,0.552,0.545,0.119,2.4,14.2,8.4,16.1,1.9,1.9,10.3,18.8,0.8,1.7,2.5,0.078,-1.1,0.5,-0.6,0.6,,huertke01,107,DET,17991071.0,0.2769230769230769,0.312,0.3935483870967745,0.24074074074074078,0.24596774193548385,0.46564885496183206,0.29333333333333333,0.24444444444444446,0.24999999999999994,0.38888888888888884,0.4,0.29675796889458544,0.10268883927872377
216.0,Isaiah Stewart,24.0,DET,C,58.0,13.0,22.7,3.8,6.9,0.55,0.7,2.1,0.333,3.1,4.9,0.642,0.6,1.7,2.3,0.756,1.7,3.3,5.0,1.1,0.3,1.6,1.2,2.9,10.0,6MOY-7,stewais01,213.0,24.0,C,58.0,13.0,1317.0,15.2,0.632,0.299,0.326,8.3,16.3,12.4,6.9,0.6,7.0,12.7,16.6,1.9,2.1,4.1,0.149,-1.1,1.1,0.0,0.7,6MOY-7,stewais01,119,DET,15000000.0,0.14141414141414144,0.30049261083743845,0.45312499999999994,0.2602739726027397,0.27459016393442626,0.5061224489795918,0.07692307692307694,0.21782178217821782,0.22624434389140274,0.15384615384615385,0.5,0.25075505652614316,0.0925961625172542
217.0,Harrison Barnes,33.0,SAS,PF,77.0,52.0,25.8,3.4,7.5,0.456,1.8,4.6,0.388,1.6,2.8,0.567,0.577,1.3,1.6,0.829,0.8,2.0,2.8,1.9,0.6,0.2,0.8,1.1,9.9,,barneha02,83.0,33.0,PF,77.0,52.0,1986.0,11.8,0.608,0.623,0.214,3.5,7.9,5.8,9.7,1.2,0.5,8.8,14.6,2.7,2.1,4.8,0.117,-0.2,0.1,-0.1,1.0,,barneha02,96,SAS,19000000.0,0.3725490196078431,0.3642384105960265,0.639344262295082,0.532608695652174,0.30859375,0.6294820717131474,0.2727272727272727,0.08791208791208789,0.2238805970149254,0.26666666666666666,0.10526315789473685,0.3595910503349306,0.12212548905894782
218.0,Tristan Da Silva,24.0,ORL,SF,77.0,34.0,24.7,3.6,8.1,0.45,1.6,4.2,0.374,2.1,3.9,0.532,0.547,1.1,1.2,0.884,0.8,2.9,3.7,1.6,0.9,0.3,0.9,1.5,9.9,,dasiltr01,96.0,24.0,SF,77.0,34.0,1899.0,12.0,0.576,0.518,0.153,3.4,13.4,8.3,9.3,1.7,1.2,9.4,16.2,1.3,2.1,3.3,0.084,-0.7,0.1,-0.6,0.7,,dasiltr01,292,ORL,3809520.0,0.29230769230769227,0.312,0.5483870967741932,0.3148148148148148,0.24193548387096772,0.5534351145038168,0.16000000000000003,0.2666666666666667,0.18877551020408162,0.38888888888888884,0.19999999999999998,0.3010486358513797,0.22508255422334003
219.0,Ausar Thompson,23.0,DET,SF,73.0,72.0,26.0,4.2,7.9,0.525,0.1,0.3,0.25,4.1,7.6,0.537,0.53,1.5,2.6,0.571,2.1,3.7,5.7,3.1,2.0,0.9,1.5,2.7,9.9,DPOY-3DEF1,thompau01,98.0,23.0,SF,73.0,72.0,1896.0,16.2,0.545,0.042,0.331,9.0,15.6,12.4,16.3,3.7,3.6,14.3,16.9,1.5,4.1,5.7,0.144,-0.6,3.6,3.1,2.4,DPOY-3DEF1,thompau01,188,DET,8775000.0,0.5538461538461538,0.608,0.34838709677419377,0.5370370370370371,0.24193548387096772,0.6030534351145038,0.36000000000000004,0.48888888888888893,0.40306122448979587,1.0,0.8,0.5077632515156136,0.23378685433496943
220.0,Royce O'Neale,32.0,PHO,SF,78.0,67.0,28.4,3.4,8.0,0.421,2.7,6.7,0.408,0.7,1.3,0.486,0.59,0.3,0.5,0.711,0.8,4.0,4.8,2.7,1.1,0.4,1.3,2.3,9.8,,onealro01,53.0,32.0,SF,78.0,67.0,2213.0,11.6,0.596,0.832,0.061,2.9,16.3,9.3,12.8,1.9,1.4,13.8,14.3,1.9,2.7,4.6,0.1,-0.3,1.0,0.7,1.5,,onealro01,170,PHO,10125000.0,0.4153846153846154,0.41600000000000004,0.6774193548387094,0.4351851851851852,0.23790322580645162,0.6946564885496184,0.3066666666666667,0.3888888888888889,0.16836734693877548,0.5000000000000001,0.30000000000000004,0.38176504666845895,0.1649087651055076
222.0,Micah Potter,27.0,IND,C,47.0,7.0,19.3,3.2,6.2,0.515,1.5,3.6,0.423,1.7,2.7,0.64,0.637,1.8,2.1,0.842,1.2,3.7,5.0,1.5,0.5,0.3,1.0,1.7,9.7,,pottemi01,299.0,27.0,C,47.0,7.0,908.0,17.0,0.679,0.573,0.345,6.8,21.4,14.0,11.2,1.2,1.4,12.2,18.0,1.8,0.7,2.6,0.135,1.5,-0.8,0.7,0.6,,pottemi01,444,IND,1527805.0,0.13131313131313133,0.3349753694581281,0.6367187500000001,0.15753424657534248,0.26229508196721313,0.3673469387755103,0.11538461538461539,0.21782178217821782,0.30769230769230776,0.30769230769230776,0.06666666666666667,0.23948332555357355,0.5650429626340332
224.0,Zaccharie Risacher,20.0,ATL,SF,67.0,46.0,22.4,3.6,8.0,0.455,1.4,3.9,0.368,2.2,4.1,0.536,0.544,0.9,1.3,0.644,1.1,2.8,3.8,1.1,0.9,0.5,0.9,2.2,9.6,,risacza01,164.0,20.0,SF,67.0,46.0,1503.0,11.8,0.557,0.481,0.168,5.0,13.6,9.3,6.8,1.9,2.2,9.2,17.6,0.5,1.9,2.3,0.074,-2.3,-0.2,-2.5,-0.2,,risacza01,140,ATL,13197720.0,0.15384615384615385,0.16,0.42580645161290354,0.22222222222222224,0.22983870967741932,0.46564885496183206,0.09333333333333334,0.2777777777777778,0.1785714285714286,0.38888888888888884,0.4,0.2287993595230729,0.08868040691257932
225.0,Daniel Gafford,27.0,DAL,C,55.0,44.0,21.7,3.8,5.7,0.655,0.0,0.0,,3.8,5.7,0.655,0.655,2.0,2.9,0.683,2.5,4.4,6.9,1.1,0.8,1.3,1.1,2.6,9.5,,gaffoda01,234.0,27.0,C,55.0,44.0,1195.0,18.8,0.677,0.0,0.509,12.3,21.1,16.7,7.0,1.7,4.9,14.0,15.8,2.5,1.7,4.1,0.167,-0.5,1.2,0.7,0.8,,gaffoda01,121,DAL,14386320.0,0.15151515151515155,0.3349753694581281,0.6289062500000001,0.2602739726027397,0.2540983606557377,0.4653061224489796,0.07692307692307694,0.4059405940594059,0.3891402714932128,0.5384615384615385,0.39999999999999997,0.2909089334322476,0.10910676237001164
226.0,Jay Huff,27.0,IND,C,82.0,47.0,21.0,3.5,7.5,0.476,1.5,4.5,0.319,2.1,2.9,0.723,0.574,1.0,1.2,0.828,0.9,3.1,4.0,1.5,0.5,1.9,0.9,2.4,9.5,,huffja01,129.0,27.0,C,82.0,47.0,1719.0,15.2,0.598,0.61,0.162,4.5,16.2,10.3,10.4,1.1,7.6,10.4,18.0,1.3,1.9,3.2,0.089,-0.9,1.3,0.4,1.1,,huffja01,351,IND,2349578.0,0.18181818181818185,0.3201970443349754,0.32031249999999983,0.1986301369863014,0.2540983606557377,0.43673469387755104,0.11538461538461539,0.1188118811881188,0.22624434389140274,0.30769230769230776,0.6,0.262268656517957,0.30702140519934706
227.0,T.J. McConnell,33.0,IND,PG,56.0,4.0,17.2,4.3,8.0,0.538,0.3,0.9,0.32,4.0,7.1,0.565,0.556,0.4,0.5,0.862,0.4,1.8,2.2,5.1,1.0,0.2,1.1,1.1,9.4,,mccontj01,288.0,33.0,PG,56.0,4.0,963.0,20.5,0.567,0.111,0.064,2.4,11.8,7.0,50.0,2.8,0.9,12.1,23.2,1.8,0.8,2.6,0.132,2.1,0.4,2.5,1.1,,mccontj01,169,IND,10200000.0,0.2872340425531915,0.5157894736842106,0.579399141630901,0.25,0.2098360655737705,0.25448028673835127,0.4545454545454545,0.16438356164383564,0.5761316872427983,0.33333333333333326,0.25,0.3350518821862013,0.1442704330801105
228.0,Svi Mykhailiuk,28.0,UTA,SF,50.0,41.0,23.1,3.5,7.2,0.478,2.0,4.8,0.408,1.5,2.4,0.615,0.613,0.5,0.6,0.893,0.7,1.8,2.5,1.9,0.5,0.1,0.8,1.3,9.4,,mykhasv01,248.0,28.0,SF,50.0,41.0,1156.0,11.4,0.626,0.663,0.077,3.3,8.4,5.8,11.0,1.1,0.3,10.1,14.8,1.3,-0.2,1.1,0.048,0.3,-2.0,-1.7,0.1,,mykhasv01,296,UTA,3675000.0,0.2,0.22399999999999998,0.8709677419354838,0.11111111111111113,0.2217741935483871,0.49236641221374056,0.2,0.13333333333333333,0.15816326530612246,0.16666666666666666,0.0,0.2346267618366398,0.18026675665269612
229.0,Aaron Wiggins,27.0,OKC,SG,65.0,21.0,21.8,3.6,8.2,0.431,1.5,4.2,0.356,2.1,4.1,0.508,0.521,0.8,1.1,0.736,0.6,2.4,3.1,1.7,0.9,0.4,1.2,1.3,9.4,,wiggiaa01,187.0,27.0,SG,65.0,21.0,1414.0,11.7,0.538,0.504,0.134,3.3,11.7,7.6,10.6,2.1,1.9,12.5,19.9,-0.4,2.5,2.1,0.072,-1.7,0.7,-0.9,0.4,,wiggiaa01,172,OKC,10102803.0,0.3333333333333333,0.5161290322580645,0.28436018957346,0.3440860215053764,0.2567049808429119,0.45679012345679015,0.20370370370370372,0.3620689655172414,0.28205128205128205,0.38888888888888884,0.3076923076923077,0.33691657082202486,0.14567394074599874
230.0,Daniss Jenkins,24.0,DET,PG,72.0,19.0,20.2,3.2,7.9,0.408,1.0,2.7,0.374,2.2,5.2,0.426,0.473,1.9,2.2,0.832,0.7,1.6,2.3,3.9,0.9,0.2,1.6,1.5,9.3,,jenkida01,175.0,24.0,PG,72.0,19.0,1455.0,13.4,0.525,0.343,0.283,4.0,8.7,6.4,25.8,2.1,1.0,15.3,21.5,0.9,2.0,2.9,0.095,-0.8,0.1,-0.7,0.5,,jenkida01,291,DET,3809524.0,0.22340425531914893,0.34736842105263155,0.3991416309012876,0.26785714285714285,0.20655737704918034,0.3620071684587814,0.3181818181818181,0.17808219178082188,0.2839506172839506,0.27777777777777773,0.25,0.26047405460494594,0.19474633833786562
231.0,Davion Mitchell,27.0,MIA,PG,70.0,70.0,28.6,3.7,7.6,0.49,1.3,3.3,0.395,2.4,4.4,0.561,0.574,0.6,0.9,0.646,0.5,2.2,2.7,6.5,1.0,0.2,1.5,2.6,9.3,,mitchda01,77.0,27.0,PG,70.0,70.0,2000.0,12.1,0.582,0.428,0.122,1.6,8.0,4.8,29.1,1.6,0.5,16.1,13.6,2.6,1.7,4.3,0.104,-1.3,0.4,-0.9,0.6,,mitchda01,151,MIA,11600000.0,0.23404255319148937,0.3368421052631579,0.6437768240343346,0.3511904761904762,0.20655737704918034,0.6630824372759857,0.6136363636363636,0.23287671232876714,0.23045267489711932,0.33333333333333326,0.25,0.2920250005845916,0.11914499925336725
232.0,Isaac Okoro,25.0,CHI,SG,63.0,62.0,26.9,3.3,7.3,0.46,1.2,3.5,0.33,2.2,3.8,0.58,0.539,1.4,1.8,0.795,1.1,1.7,2.7,1.6,0.7,0.5,0.7,2.6,9.3,,okorois01,135.0,25.0,SG,63.0,62.0,1695.0,9.8,0.574,0.481,0.244,4.4,6.4,5.4,7.8,1.3,1.5,8.3,13.6,1.4,0.7,2.2,0.061,-3.0,-0.8,-3.8,-0.8,,okorois01,160,CHI,11000000.0,0.12280701754385964,0.28225806451612906,0.4549763033175355,0.35483870967741943,0.25287356321839083,0.6666666666666666,0.18518518518518517,0.2931034482758621,0.16025641025641033,0.27777777777777773,0.3846153846153846,0.24475235836402215,0.10206966131527229
233.0,Landry Shamet,28.0,NYK,SG,51.0,12.0,23.0,3.1,7.1,0.437,2.0,5.2,0.392,1.1,2.0,0.554,0.578,1.1,1.5,0.711,0.5,1.4,1.8,1.4,0.6,0.2,0.6,1.5,9.3,,shamela01,244.0,28.0,SG,51.0,12.0,1171.0,11.2,0.598,0.723,0.209,2.2,6.6,4.4,8.2,1.3,0.8,7.0,15.7,1.6,1.0,2.6,0.106,-0.4,0.1,-0.3,0.5,,shamela01,377,NYK,2296274.0,0.3508771929824561,0.5645161290322581,0.5687203791469195,0.3978494623655915,0.25287356321839083,0.5061728395061729,0.14814814814814814,0.13793103448275862,0.25,0.2222222222222222,0.15384615384615385,0.3472738959451167,0.41775410640362376
234.0,Marcus Smart,31.0,LAL,SG,62.0,54.0,28.5,3.0,7.7,0.395,1.6,4.7,0.331,1.5,3.0,0.497,0.497,1.7,2.1,0.822,0.6,2.2,2.8,3.0,1.4,0.4,1.5,2.6,9.3,,smartma01,119.0,31.0,SG,62.0,54.0,1769.0,9.9,0.543,0.616,0.271,2.5,8.7,5.7,13.6,2.4,1.2,14.7,15.4,0.4,1.6,2.0,0.054,-2.9,0.6,-2.2,-0.1,,smartma01,120,WAS,19920855.0,0.24561403508771928,0.4112903225806452,0.30805687203791504,0.33333333333333337,0.25287356321839083,0.7325102880658436,0.4444444444444444,0.31034482758620685,0.1666666666666667,0.6666666666666666,0.3076923076923077,0.3117482972389144,0.10420205825523068
235.0,Jaden Hardy,23.0,2TM,SG,57.0,4.0,15.8,3.2,7.5,0.424,1.8,4.6,0.397,1.4,2.9,0.467,0.545,1.0,1.3,0.733,0.3,1.2,1.5,1.0,0.3,0.1,1.1,1.6,9.2,,hardyja02,304.0,23.0,SG,57.0,4.0,898.0,10.9,0.566,0.611,0.175,1.8,8.5,5.1,9.7,0.8,0.6,11.8,24.4,-0.3,0.1,-0.2,-0.01,-1.5,-3.3,-4.8,-0.6,,hardyja02,237,WAS,6000000.0,0.15789473684210525,0.20161290322580647,0.4170616113744075,0.09677419354838712,0.2490421455938697,0.2098765432098766,0.07407407407407407,0.08620689655172414,0.23076923076923084,0.05555555555555554,0.07692307692307693,0.19111934944357967,0.10666573986402302
236.0,Isaiah Hartenstein,27.0,OKC,C,47.0,46.0,24.2,3.9,6.3,0.622,0.0,0.1,0.0,3.9,6.1,0.637,0.622,1.4,2.2,0.61,3.2,6.3,9.4,3.5,1.0,0.8,1.7,2.5,9.2,,harteis01,254.0,27.0,C,47.0,46.0,1137.0,19.8,0.631,0.024,0.355,14.8,27.0,21.1,20.1,2.0,3.1,19.3,16.1,2.5,2.8,5.3,0.223,1.0,3.2,4.2,1.8,,harteis01,60,OKC,28500000.0,0.25252525252525254,0.5073891625615765,0.44921874999999994,0.3424657534246575,0.24180327868852458,0.5673469387755102,0.30769230769230776,0.6534653465346534,0.43438914027149333,0.6923076923076924,0.23333333333333336,0.34515594779690995,0.10303457615639375
237.0,Sam Hauser,28.0,BOS,PF,78.0,49.0,24.8,3.2,7.7,0.419,2.5,6.5,0.393,0.7,1.2,0.557,0.584,0.2,0.3,0.85,0.7,3.1,3.8,1.5,0.5,0.3,0.4,1.4,9.2,,hausesa01,89.0,28.0,PF,78.0,49.0,1934.0,11.9,0.59,0.839,0.033,3.3,13.6,8.5,7.9,1.0,1.2,5.4,14.5,2.9,2.1,5.0,0.124,0.6,0.0,0.6,1.3,,hausesa01,173,BOS,10044644.0,0.4313725490196078,0.4105960264900662,0.5655737704918032,0.5543478260869565,0.28124999999999994,0.5896414342629482,0.2,0.1978021978021978,0.22761194029850748,0.19999999999999998,0.15789473684210525,0.37442407721991083,0.16229634037447108
238.0,Corey Kispert,26.0,2TM,SF,58.0,10.0,18.6,3.2,6.8,0.467,1.5,4.1,0.367,1.7,2.7,0.618,0.577,1.3,1.7,0.794,0.5,1.8,2.3,1.6,0.3,0.2,0.8,1.0,9.2,,kispeco01,267.0,26.0,SF,58.0,10.0,1080.0,13.1,0.609,0.602,0.246,2.7,10.7,6.6,11.8,0.7,0.7,9.3,18.6,1.4,0.5,1.8,0.082,0.1,-2.0,-1.9,0.0,,kispeco01,129,ATL,13975000.0,0.1846153846153846,0.20800000000000002,0.761290322580645,0.17592592592592596,0.2137096774193548,0.32061068702290085,0.16000000000000003,0.11111111111111109,0.24489795918367344,0.05555555555555554,0.1,0.22331624057187427,0.08467704822013855
239.0,Taurean Prince,31.0,MIL,SF,26.0,7.0,23.5,3.3,7.3,0.45,2.3,5.4,0.436,1.0,2.0,0.49,0.61,0.2,0.2,1.0,0.2,3.0,3.1,1.8,0.6,0.2,1.2,1.8,9.2,,princta02,362.0,31.0,SF,26.0,7.0,611.0,10.5,0.617,0.733,0.031,0.7,14.1,7.5,10.7,1.3,1.0,13.8,16.2,0.2,0.3,0.5,0.039,-1.3,-1.8,-3.1,-0.2,,princta02,309,MIL,3303774.0,0.15384615384615385,0.11199999999999999,0.8129032258064515,0.05555555555555556,0.2137096774193548,0.5076335877862596,0.18666666666666665,0.2,0.11224489795918365,0.2222222222222222,0.1,0.2039283086944676,0.17064195811083985
240.0,Gui Santos,23.0,GSW,PF,68.0,30.0,20.5,3.4,6.8,0.5,1.1,3.3,0.351,2.2,3.5,0.639,0.585,1.3,1.8,0.725,1.1,2.8,3.9,2.3,0.9,0.3,1.5,2.1,9.2,,santogu01,190.0,23.0,PF,68.0,30.0,1395.0,14.2,0.609,0.483,0.261,5.9,15.6,10.6,16.7,2.1,1.5,16.6,18.7,1.2,1.5,2.7,0.094,-0.9,0.3,-0.6,0.5,,santogu01,403,GSW,2221677.0,0.2745098039215686,0.33112582781456956,0.6434426229508198,0.3043478260869566,0.28124999999999994,0.4183266932270916,0.34545454545454546,0.2087912087912088,0.3134328358208955,0.4666666666666666,0.15789473684210525,0.3163182250247775,0.3962584962853132
244.0,Devin Carter,23.0,SAC,PG,38.0,12.0,18.4,3.2,7.7,0.414,0.8,3.0,0.263,2.4,4.7,0.511,0.466,1.8,2.5,0.713,0.9,2.3,3.3,2.7,0.9,0.2,1.4,1.3,8.9,,cartede02,344.0,23.0,PG,38.0,12.0,700.0,13.8,0.508,0.39,0.322,5.6,14.6,10.0,20.9,2.3,1.2,13.9,23.5,-0.2,0.4,0.2,0.012,-1.5,-1.2,-2.6,-0.1,,cartede02,267,SAC,4923720.0,0.15957446808510636,0.24736842105263154,0.3261802575107296,0.10714285714285714,0.19344262295081968,0.2974910394265233,0.18181818181818182,0.31506849315068486,0.3004115226337449,0.27777777777777773,0.25,0.21224717938148324,0.133148439332294
245.0,Herbert Jones,27.0,NOP,SF,56.0,56.0,28.4,3.3,8.5,0.383,1.4,4.6,0.309,1.8,3.9,0.47,0.467,0.9,1.1,0.806,0.8,2.6,3.4,2.8,1.6,0.5,1.3,3.2,8.9,,joneshe01,149.0,27.0,SF,56.0,56.0,1588.0,9.1,0.491,0.542,0.13,3.2,9.8,6.4,12.9,2.7,1.6,12.6,15.2,-0.4,1.1,0.7,0.022,-3.7,0.6,-3.1,-0.5,,joneshe01,130,NOP,13937574.0,0.10769230769230768,0.11199999999999999,0.0,0.07407407407407407,0.20161290322580644,0.6946564885496184,0.32,0.23333333333333328,0.04081632653061219,0.7777777777777778,0.4,0.19062193801060373,0.07235359458971198
246.0,Nolan Traoré,19.0,BRK,PG,56.0,31.0,22.2,3.3,8.6,0.38,1.1,3.4,0.318,2.2,5.1,0.422,0.444,1.3,1.7,0.787,0.3,1.5,1.8,3.8,0.8,0.4,2.3,2.1,8.9,,traorno01,224.0,19.0,PG,56.0,31.0,1243.0,7.9,0.479,0.401,0.196,1.2,8.4,4.6,27.2,1.8,1.7,19.9,22.8,-2.3,0.6,-1.6,-0.063,-4.8,-2.0,-6.8,-1.5,,traorno01,290,BRK,3811560.0,0.010638297872340434,0.02631578947368421,0.2017167381974248,0.0,0.19344262295081968,0.4336917562724014,0.30681818181818177,0.1095890410958904,0.05761316872427985,0.2222222222222222,0.5,0.11868636049988193,0.08870174938623294
247.0,Danny Wolf,21.0,BRK,PF,57.0,15.0,20.8,3.1,7.7,0.405,1.2,3.7,0.322,1.9,4.0,0.48,0.482,1.5,1.9,0.771,1.0,3.9,4.9,2.2,0.5,0.6,1.3,2.2,8.9,,wolfda01,235.0,21.0,PF,57.0,15.0,1187.0,12.3,0.521,0.48,0.248,5.3,23.2,13.8,17.1,1.2,2.5,13.0,20.6,-0.2,1.0,0.8,0.032,-2.2,-0.3,-2.5,-0.2,,wolfda01,327,BRK,2801280.0,0.1372549019607843,0.2052980132450331,0.28278688524590173,0.09782608695652174,0.26953125,0.4302788844621514,0.3272727272727273,0.3186813186813187,0.24253731343283585,0.19999999999999998,0.3157894736842105,0.21306306487150067,0.20684199091946262
250.0,Cody Williams,21.0,UTA,SG,67.0,41.0,24.3,3.6,7.6,0.468,0.4,2.0,0.214,3.1,5.6,0.556,0.495,1.3,1.8,0.706,0.9,2.0,3.0,2.0,0.8,0.4,1.1,1.8,8.8,,willico04,143.0,21.0,SG,67.0,41.0,1631.0,9.6,0.524,0.257,0.234,3.9,9.3,6.6,11.4,1.5,1.5,11.5,16.0,0.0,0.1,0.1,0.004,-3.6,-1.9,-5.5,-1.5,,willico04,241,UTA,5742480.0,0.0,0.14516129032258066,0.218009478672986,0.12903225806451615,0.23371647509578544,0.5596707818930041,0.25925925925925924,0.3448275862068966,0.14743589743589744,0.33333333333333337,0.3076923076923077,0.15338992177781227,0.0877571350936012
251.0,Justin Champagnie,24.0,WAS,SF,69.0,19.0,20.0,3.4,6.7,0.502,0.8,2.4,0.319,2.6,4.3,0.605,0.56,1.2,1.5,0.784,2.1,3.5,5.6,1.2,0.9,0.6,0.7,1.7,8.7,,champju01,194.0,24.0,SF,69.0,19.0,1377.0,17.3,0.589,0.359,0.221,11.1,19.0,15.0,8.7,2.0,2.7,8.2,16.7,2.4,0.8,3.1,0.109,0.6,-1.0,-0.4,0.6,,champju01,349,WAS,2349578.0,0.2769230769230769,0.32799999999999996,0.6322580645161288,0.29629629629629634,0.19354838709677413,0.37404580152671757,0.10666666666666666,0.47777777777777775,0.4591836734693878,0.38888888888888884,0.5,0.32392557425077206,0.37919927721011604
252.0,Jordan Goodwin,27.0,PHO,PG,70.0,10.0,22.5,3.3,7.9,0.413,1.6,4.3,0.371,1.7,3.6,0.462,0.514,0.6,0.8,0.696,2.0,2.9,4.9,2.2,1.5,0.2,1.0,1.9,8.7,,goodwjo01,152.0,27.0,PG,70.0,10.0,1572.0,14.7,0.525,0.544,0.101,9.4,14.8,12.0,13.6,3.3,0.9,10.5,17.5,1.5,2.4,3.9,0.118,0.3,1.5,1.8,1.5,,goodwjo01,350,PHO,2349578.0,0.32978723404255317,0.4789473684210526,0.3991416309012876,0.3273809523809524,0.18688524590163932,0.4444444444444445,0.125,0.5342465753424658,0.33744855967078186,0.611111111111111,0.25,0.3360460808462948,0.3933879912413352
253.0,Day'Ron Sharpe,24.0,BRK,C,62.0,7.0,18.7,3.5,5.7,0.601,0.1,0.6,0.231,3.3,5.1,0.647,0.614,1.7,2.5,0.678,2.8,3.9,6.7,2.3,1.1,0.4,1.7,2.4,8.7,,sharpda01,245.0,24.0,C,62.0,7.0,1160.0,20.5,0.638,0.11,0.427,16.2,25.7,20.7,21.1,2.9,2.1,20.0,19.9,2.0,1.5,3.5,0.144,0.4,1.0,1.4,1.0,,sharpda01,230,BRK,6250000.0,0.17171717171717174,0.3694581280788178,0.4765625,0.21917808219178084,0.22131147540983606,0.34285714285714286,0.19230769230769232,0.3861386138613861,0.46606334841628966,0.7692307692307694,0.10000000000000002,0.28330687754647277,0.15459442494141837
254.0,Jonas Valančiūnas,33.0,DEN,C,65.0,6.0,13.4,3.5,6.0,0.582,0.1,0.4,0.308,3.4,5.6,0.602,0.592,1.6,2.1,0.772,1.6,3.4,5.1,1.2,0.2,0.6,1.1,2.0,8.7,,valanjo01,310.0,33.0,C,65.0,6.0,871.0,22.0,0.63,0.067,0.349,14.2,27.5,21.2,14.1,0.8,4.0,14.0,26.1,1.8,1.1,2.9,0.162,0.5,-0.5,0.0,0.4,,valanjo01,168,DEN,10395000.0,0.11111111111111113,0.30049261083743845,0.44531249999999994,0.17808219178082194,0.22131147540983606,0.12653061224489795,0.08653846153846154,0.22772277227722768,0.5339366515837105,0.07692307692307694,0.16666666666666666,0.21626986259374417,0.09237071737686914
255.0,Jordan Clarkson,33.0,NYK,SG,72.0,1.0,17.8,3.3,7.3,0.451,1.0,3.0,0.327,2.3,4.3,0.535,0.517,1.1,1.3,0.83,0.9,0.9,1.8,1.3,0.4,0.1,0.9,1.7,8.6,,clarkjo01,219.0,33.0,SG,72.0,1.0,1279.0,11.6,0.548,0.407,0.179,5.4,5.7,5.6,10.7,1.2,0.7,10.0,21.1,0.9,1.0,1.9,0.072,-1.9,-1.4,-3.3,-0.4,,clarkjo01,166,UTA,12947835.0,0.1929824561403509,0.32258064516129037,0.33175355450237004,0.32258064516129037,0.22605363984674326,0.2921810699588478,0.12962962962962962,0.13793103448275862,0.27564102564102566,0.11111111111111112,0.07692307692307693,0.2293042275815379,0.0895394851051288
256.0,Nique Clifford,23.0,SAC,SG,75.0,28.0,25.1,3.3,7.9,0.418,1.0,3.1,0.333,2.3,4.9,0.471,0.482,0.9,1.3,0.722,0.9,2.9,3.8,2.4,0.9,0.3,1.5,2.1,8.6,,cliffni01,99.0,23.0,SG,75.0,28.0,1882.0,9.0,0.505,0.388,0.163,3.8,13.3,8.4,13.0,1.7,1.2,15.4,17.0,-1.2,0.6,-0.6,-0.014,-3.7,-1.2,-4.9,-1.4,,cliffni01,314,SAC,3108120.0,0.017543859649122823,0.19354838709677416,0.127962085308057,0.05376344086021507,0.22605363984674326,0.5925925925925927,0.33333333333333326,0.48275862068965514,0.108974358974359,0.38888888888888884,0.23076923076923075,0.15130216537460417,0.1334213035399545
257.0,Cason Wallace,22.0,OKC,SG,77.0,58.0,26.6,3.3,7.6,0.432,1.3,3.7,0.351,2.0,3.8,0.51,0.518,0.7,0.9,0.809,0.8,2.3,3.1,2.6,1.9,0.4,0.9,2.0,8.6,DPOY-7DEF2,wallaca01,71.0,22.0,SG,77.0,58.0,2046.0,12.1,0.538,0.493,0.116,3.5,8.9,6.3,12.7,3.5,1.3,10.6,14.5,1.0,4.2,5.2,0.122,-2.1,3.3,1.2,1.7,DPOY-7DEF2,wallaca01,240,OKC,5820240.0,0.5614035087719298,0.685483870967742,0.28436018957346,0.6774193548387099,0.22605363984674326,0.654320987654321,0.37037037037037035,0.3620689655172414,0.3076923076923077,0.9444444444444444,0.3076923076923077,0.4844314381156912,0.2750354991714942
258.0,Jaden Ivey,23.0,2TM,SG,37.0,5.0,18.1,3.1,6.9,0.445,1.4,3.6,0.373,1.7,3.3,0.525,0.543,1.0,1.3,0.809,0.6,1.8,2.5,1.8,0.6,0.4,1.1,1.4,8.5,,iveyja01,350.0,23.0,SG,37.0,5.0,670.0,13.0,0.571,0.523,0.184,4.0,10.9,7.5,14.0,1.6,2.0,12.9,19.7,0.5,0.9,1.3,0.096,-0.2,0.2,0.0,0.3,,iveyja01,171,CHI,10107163.0,0.3157894736842105,0.5887096774193549,0.4407582938388625,0.2580645161290323,0.2222222222222222,0.3045267489711935,0.22222222222222224,0.25862068965517243,0.3653846153846154,0.2222222222222222,0.3076923076923077,0.32704339395699605,0.1413786613849241
259.0,Vít Krejčí,25.0,2TM,PG,65.0,8.0,21.4,3.0,6.6,0.448,2.0,5.0,0.39,1.0,1.6,0.634,0.597,0.6,0.8,0.745,0.5,1.8,2.3,1.5,0.7,0.3,0.6,2.1,8.5,,krejcvi01,191.0,25.0,PG,65.0,8.0,1392.0,11.1,0.609,0.765,0.119,2.4,9.3,5.8,9.6,1.6,1.2,8.3,14.6,1.5,1.3,2.9,0.099,-1.5,0.0,-1.6,0.1,,krejcvi01,353,POR,2349578.0,0.18085106382978725,0.3,0.7596566523605148,0.26785714285714285,0.18032786885245902,0.4050179211469534,0.04545454545454544,0.17808219178082188,0.18930041152263372,0.1666666666666666,0.37499999999999994,0.24700340641474458,0.2891513379193599
260.0,Simone Fontecchio,30.0,MIA,SF,70.0,9.0,16.8,2.8,6.7,0.412,1.8,4.7,0.375,1.0,2.0,0.497,0.542,1.2,1.5,0.843,0.8,2.2,3.0,1.4,0.5,0.1,0.7,1.5,8.5,,fontesi01,242.0,30.0,SF,70.0,9.0,1173.0,13.8,0.579,0.696,0.217,4.9,13.8,9.3,11.6,1.5,0.7,8.7,19.6,1.4,1.2,2.6,0.106,0.7,-0.2,0.5,0.7,,fontesi01,197,MIA,8307692.0,0.29230769230769227,0.4,0.5677419354838706,0.25000000000000006,0.1854838709677419,0.25190839694656497,0.13333333333333333,0.18888888888888888,0.2806122448979592,0.16666666666666666,0.0,0.2692815409458918,0.12718866976670562
261.0,Bones Hyland,25.0,MIN,PG,71.0,3.0,16.6,3.0,6.6,0.453,1.6,4.2,0.388,1.4,2.4,0.568,0.577,0.9,1.2,0.78,0.3,1.5,1.8,2.6,0.6,0.2,1.0,1.7,8.5,,hylanbo01,239.0,25.0,PG,71.0,3.0,1177.0,15.1,0.599,0.639,0.175,2.2,9.5,5.9,22.7,1.8,1.3,12.2,20.6,1.8,1.3,3.1,0.126,1.2,0.5,1.7,1.1,,hylanbo01,379,MIN,2296274.0,0.2872340425531915,0.47368421052631576,0.7167381974248925,0.27976190476190477,0.18032786885245902,0.23297491039426532,0.17045454545454544,0.1095890410958904,0.35390946502057613,0.11111111111111106,0.25,0.2988861624034067,0.3595459467272386
262.0,Brook Lopez,37.0,LAC,C,75.0,40.0,21.8,3.1,7.2,0.428,1.5,4.2,0.36,1.6,3.0,0.524,0.533,0.7,1.0,0.757,0.6,3.0,3.6,1.3,0.6,1.2,0.8,2.1,8.5,,lopezbr01,141.0,37.0,C,75.0,40.0,1635.0,12.3,0.552,0.585,0.137,3.4,15.7,9.7,8.5,1.4,5.0,9.6,17.2,0.5,1.8,2.3,0.068,-1.3,0.4,-0.9,0.5,,lopezbr01,189,LAC,8750000.0,0.12121212121212123,0.2561576354679803,0.1406250000000001,0.136986301369863,0.21311475409836067,0.4693877551020409,0.09615384615384617,0.07920792079207922,0.09502262443438922,0.3846153846153847,0.36666666666666664,0.19507927462184932,0.08993750343231029
263.0,Collin Murray-Boyles,20.0,TOR,PF,57.0,22.0,21.9,3.5,6.0,0.579,0.3,0.9,0.34,3.2,5.1,0.62,0.604,1.2,1.9,0.657,2.3,2.7,5.0,1.9,0.9,0.9,1.0,2.6,8.5,,murraco01,223.0,20.0,PF,57.0,22.0,1246.0,16.4,0.621,0.146,0.316,12.0,14.0,13.0,11.7,2.0,4.1,13.2,15.5,2.1,1.9,4.0,0.154,-0.5,1.5,1.0,1.0,,murraco01,228,TOR,6332520.0,0.3725490196078431,0.4370860927152318,0.6926229508196723,0.44565217391304346,0.25390625,0.47410358565737043,0.2727272727272727,0.32967032967032966,0.3955223880597014,0.4666666666666666,0.4736842105263158,0.3920707343193919,0.21242406874496014
264.0,Luke Kennard,29.0,2TM,SG,78.0,6.0,21.6,3.0,5.7,0.533,1.5,3.1,0.478,1.5,2.5,0.601,0.665,0.8,0.9,0.913,0.4,1.9,2.3,2.2,0.7,0.1,0.8,1.3,8.4,,kennalu01,139.0,29.0,SG,78.0,6.0,1681.0,13.5,0.689,0.553,0.156,2.1,10.0,6.1,13.8,1.6,0.4,11.2,13.5,3.2,1.4,4.5,0.13,0.1,0.1,0.1,0.9,,kennalu01,161,LAL,11000000.0,0.42105263157894735,0.5967741935483871,1.0,0.6021505376344086,0.21839080459770113,0.44855967078189307,0.2962962962962963,0.22413793103448273,0.3974358974358975,0.27777777777777773,0.07692307692307693,0.4107381442264581,0.1712911105359168
265.0,Kentavious Caldwell-Pope,32.0,MEM,SG,51.0,14.0,21.3,2.9,7.2,0.41,1.1,3.4,0.316,1.9,3.8,0.495,0.485,1.4,1.6,0.913,0.4,2.1,2.5,2.7,0.8,0.2,1.2,1.1,8.4,,caldwke01,263.0,32.0,SG,51.0,14.0,1088.0,11.0,0.533,0.475,0.219,2.0,10.6,6.2,17.7,1.9,0.7,13.2,17.7,0.2,0.5,0.7,0.032,-2.3,-0.2,-2.5,-0.1,,caldwke01,85,MEM,21621500.0,0.24561403508771928,0.38709677419354843,0.260663507109005,0.19354838709677422,0.21839080459770113,0.4362139917695474,0.3888888888888889,0.25862068965517243,0.23717948717948723,0.33333333333333337,0.15384615384615385,0.2609509679952863,0.08489832145095273
266.0,Draymond Green,35.0,GSW,PF,68.0,68.0,27.5,3.0,7.2,0.418,1.5,4.6,0.326,1.5,2.7,0.575,0.52,0.9,1.2,0.702,0.8,4.7,5.5,5.5,0.9,0.6,2.7,2.9,8.4,DPOY-11,greendr01,102.0,35.0,PF,68.0,68.0,1869.0,10.4,0.54,0.631,0.171,3.2,19.5,11.2,27.3,1.6,2.1,25.5,16.1,-0.4,2.1,1.7,0.044,-2.4,1.0,-1.4,0.3,DPOY-11,greendr01,69,GSW,25892857.0,0.2352941176470588,0.2781456953642384,0.3606557377049182,0.1956521739130435,0.25,0.697211155378486,0.9272727272727272,0.38461538461538464,0.17164179104477614,0.4666666666666666,0.3157894736842105,0.27913045018473825,0.08578158237228035
267.0,Jared McCain,21.0,2TM,SG,67.0,3.0,17.3,3.0,7.2,0.425,1.5,3.8,0.385,1.6,3.3,0.471,0.528,0.8,0.9,0.864,0.3,1.7,2.0,1.3,0.5,0.1,0.8,1.2,8.3,,mccaija01,246.0,21.0,SG,67.0,3.0,1160.0,11.6,0.551,0.535,0.123,2.2,10.6,6.4,11.0,1.5,0.4,10.0,20.7,0.2,1.2,1.5,0.06,-1.6,-0.8,-2.4,-0.1,,mccaija01,282,OKC,4221360.0,0.24561403508771928,0.39516129032258074,0.345971563981043,0.2795698924731183,0.21455938697318008,0.271604938271605,0.12962962962962962,0.1724137931034483,0.27564102564102566,0.16666666666666666,0.07692307692307693,0.2529938281874739,0.17567096262782597
268.0,Luguentz Dort,26.0,OKC,SF,69.0,69.0,26.8,2.9,7.6,0.385,1.9,5.4,0.344,1.1,2.2,0.487,0.508,0.6,0.8,0.759,0.8,2.7,3.6,1.2,0.9,0.4,0.8,2.6,8.3,,dortlu01,107.0,26.0,SF,69.0,69.0,1849.0,8.3,0.524,0.71,0.111,3.4,10.7,7.2,5.9,1.6,1.4,8.9,14.1,0.0,3.0,3.0,0.078,-2.8,0.8,-2.0,0.0,,dortlu01,102,OKC,18222222.0,0.1846153846153846,0.2,0.21290322580645177,0.2870370370370371,0.1774193548387097,0.633587786259542,0.10666666666666666,0.25555555555555554,0.0,0.38888888888888884,0.30000000000000004,0.21122010248272255,0.07276822779035953
269.0,Al Horford,39.0,GSW,C,45.0,13.0,21.5,3.1,7.2,0.426,1.6,4.6,0.361,1.4,2.6,0.538,0.54,0.5,0.6,0.846,1.0,3.9,4.9,2.6,0.7,1.1,0.9,1.1,8.3,,horfoal01,287.0,39.0,C,45.0,13.0,969.0,14.7,0.554,0.633,0.08,5.0,20.5,12.6,17.0,1.5,4.9,11.1,16.5,0.8,1.3,2.1,0.105,0.3,1.3,1.6,0.9,,horfoal01,244,GSW,5685000.0,0.16161616161616166,0.37931034482758624,0.14843750000000014,0.12328767123287672,0.2049180327868853,0.4571428571428572,0.2211538461538462,0.20792079207920794,0.20361990950226247,0.46153846153846156,0.3333333333333333,0.232029279718395,0.13351658632787164
275.0,Ron Holland,20.0,DET,SF,78.0,5.0,19.9,3.0,7.0,0.432,0.6,2.5,0.253,2.4,4.4,0.535,0.478,1.5,1.9,0.805,1.1,3.0,4.0,1.2,1.2,0.3,1.2,2.3,8.2,,hollaro01,155.0,20.0,SF,78.0,5.0,1551.0,11.7,0.525,0.364,0.274,6.1,16.5,11.4,8.2,2.9,1.7,13.6,18.9,-0.1,2.9,2.8,0.087,-3.3,1.4,-2.0,0.0,,hollaro01,191,DET,8657280.0,0.1846153846153846,0.2,0.21935483870967756,0.26851851851851855,0.1733870967741935,0.3702290076335878,0.10666666666666666,0.30000000000000004,0.17346938775510198,0.5555555555555556,0.19999999999999998,0.2173226387666005,0.10068688835089802
277.0,Jake LaRavia,24.0,LAL,PF,82.0,43.0,25.1,2.9,6.4,0.459,1.0,3.0,0.321,2.0,3.4,0.579,0.533,1.4,1.9,0.763,1.4,2.6,4.0,1.8,1.3,0.5,1.1,2.4,8.2,,laravja01,69.0,24.0,PF,82.0,43.0,2061.0,11.9,0.571,0.465,0.291,6.8,11.5,9.3,9.3,2.5,1.7,12.9,14.4,1.7,2.1,3.8,0.089,-1.6,0.5,-1.2,0.4,,laravja01,238,LAL,6000000.0,0.2549019607843137,0.2913907284768212,0.48770491803278676,0.4239130434782609,0.24218749999999997,0.601593625498008,0.2545454545454545,0.21978021978021978,0.22761194029850748,0.7333333333333334,0.2631578947368421,0.31503859390600425,0.17582638703270398
279.0,Luka Garza,27.0,BOS,C,69.0,6.0,16.2,3.0,5.2,0.577,0.8,1.8,0.433,2.2,3.3,0.657,0.654,1.3,1.7,0.769,2.3,1.8,4.1,1.0,0.4,0.4,0.7,2.3,8.1,,garzalu01,258.0,27.0,C,69.0,6.0,1118.0,19.9,0.682,0.356,0.328,15.7,12.0,13.8,8.5,1.2,2.5,10.1,17.7,3.9,1.4,5.3,0.226,2.2,0.2,2.4,1.2,,garzalu01,343,BOS,2461463.0,0.19191919191919193,0.41871921182266014,0.6484375000000001,0.3424657534246575,0.19672131147540983,0.24081632653061222,0.06730769230769232,0.1287128712871287,0.43891402714932126,0.23076923076923084,0.10000000000000002,0.2704037439002223,0.30019647644492287
282.0,Gary Trent Jr.,27.0,MIL,SG,65.0,21.0,21.2,2.8,7.3,0.387,1.9,5.3,0.36,0.9,2.0,0.458,0.517,0.6,0.8,0.769,0.1,0.9,1.0,1.2,0.5,0.0,0.6,1.3,8.1,,trentga02,196.0,27.0,SG,65.0,21.0,1377.0,8.0,0.533,0.723,0.11,0.7,4.8,2.8,8.0,1.2,0.2,7.6,17.2,-0.2,0.2,-0.1,-0.002,-3.2,-2.2,-5.4,-1.2,,trentga02,294,MIL,3697105.0,0.052631578947368425,0.15322580645161288,0.260663507109005,0.10752688172043012,0.2068965517241379,0.43209876543209874,0.1111111111111111,0.0,0.044871794871794886,0.16666666666666666,0.0,0.12795791415515734,0.09786081314868891
288.0,Bruce Brown,29.0,DEN,SG,82.0,4.0,24.4,3.0,6.4,0.475,0.7,1.8,0.385,2.3,4.6,0.511,0.53,1.2,1.5,0.762,1.0,2.8,3.9,2.1,1.0,0.2,1.1,2.4,7.9,,brownbr01,78.0,29.0,SG,82.0,4.0,1998.0,10.8,0.562,0.284,0.241,5.0,12.5,8.9,11.3,2.1,0.9,13.6,14.5,1.2,1.8,2.9,0.071,-2.5,0.1,-2.4,-0.2,,brownbr01,391,DEN,2296274.0,0.22807017543859648,0.39516129032258074,0.398104265402844,0.4301075268817205,0.19923371647509577,0.5637860082304527,0.27777777777777773,0.5,0.22435897435897445,0.4444444444444445,0.15384615384615385,0.28113775110696426,0.33819544561614706
289.0,Moussa Diabaté,24.0,CHO,C,73.0,47.0,26.0,3.1,5.0,0.631,0.0,0.0,0.5,3.1,4.9,0.632,0.632,1.6,2.4,0.659,3.7,5.0,8.7,1.9,0.8,1.0,1.0,2.4,7.9,,diabamo01,97.0,24.0,C,73.0,47.0,1899.0,17.2,0.653,0.006,0.485,16.5,21.1,18.9,10.2,1.5,3.5,14.2,11.4,4.7,2.8,7.4,0.188,0.4,1.2,1.7,1.8,,diabamo01,400,CHO,2270735.0,0.25252525252525254,0.3842364532019705,0.53515625,0.48630136986301375,0.18852459016393447,0.6408163265306123,0.15384615384615385,0.584158415841584,0.31674208144796384,0.5384615384615385,0.3,0.32122338412437695,0.3916863635310572
291.0,Leonard Miller,22.0,2TM,SF,46.0,12.0,15.6,3.2,5.7,0.553,0.7,2.2,0.323,2.5,3.5,0.693,0.615,0.8,1.2,0.736,1.2,2.8,3.9,0.9,0.4,0.3,0.8,1.4,7.8,,millele01,340.0,22.0,SF,46.0,12.0,719.0,15.9,0.633,0.378,0.202,8.1,18.6,13.4,8.2,1.1,1.8,11.2,18.7,1.0,0.6,1.6,0.105,-0.2,-1.1,-1.3,0.1,,millele01,414,CHI,2221677.0,0.2,0.256,0.9161290322580644,0.15740740740740744,0.15725806451612903,0.20610687022900764,0.06666666666666667,0.28888888888888886,0.38775510204081637,0.11111111111111112,0.19999999999999998,0.245364844157587,0.30737370311037143
292.0,Walter Clayton,22.0,2TM,PG,69.0,6.0,20.4,2.6,6.7,0.384,1.1,3.5,0.307,1.5,3.1,0.47,0.465,1.6,1.8,0.901,0.4,1.7,2.0,4.0,0.6,0.3,1.7,1.7,7.8,,claytwa01,188.0,22.0,PG,69.0,6.0,1410.0,10.3,0.523,0.529,0.262,1.9,8.9,5.3,26.6,1.5,1.3,18.4,18.5,0.0,0.3,0.3,0.009,-2.2,-2.1,-4.3,-0.8,,claytwa01,288,MEM,3991320.0,0.0851063829787234,0.15789473684210525,0.39055793991416315,0.1130952380952381,0.15737704918032785,0.36917562724014336,0.32954545454545453,0.136986301369863,0.1563786008230453,0.11111111111111106,0.37499999999999994,0.1606369734631666,0.11605694663116835
293.0,Paul Reed,26.0,DET,C,65.0,11.0,13.9,3.2,5.2,0.617,0.2,0.6,0.325,3.0,4.6,0.656,0.636,1.1,1.7,0.664,2.0,2.5,4.5,1.2,0.9,0.9,0.9,1.8,7.8,,reedpa01,303.0,26.0,C,65.0,11.0,901.0,24.2,0.65,0.118,0.324,16.5,20.1,18.3,13.3,3.1,6.6,13.0,20.6,2.4,2.1,4.5,0.239,2.4,2.9,5.3,1.6,,reedpa01,256,DET,5335894.0,0.23232323232323235,0.5615763546798029,0.5234375,0.28767123287671237,0.18442622950819673,0.1469387755102041,0.08653846153846154,0.1683168316831683,0.6334841628959277,0.6153846153846155,0.26666666666666666,0.32970936849425364,0.19690531205153816
295.0,Dominick Barlow,22.0,PHI,PF,71.0,59.0,23.8,3.0,5.6,0.539,0.3,1.2,0.256,2.7,4.5,0.612,0.565,1.3,1.8,0.718,1.9,2.9,4.8,1.2,0.9,0.7,0.8,2.1,7.7,,barlodo01,137.0,22.0,PF,71.0,59.0,1689.0,13.2,0.597,0.206,0.328,8.5,13.5,11.0,7.0,1.8,2.9,10.9,12.8,2.2,1.8,3.9,0.112,-1.5,0.4,-1.1,0.4,,barlodo01,304,PHI,3415000.0,0.2549019607843137,0.2980132450331126,0.5942622950819672,0.4347826086956522,0.22265625,0.549800796812749,0.14545454545454545,0.3076923076923077,0.2761194029850746,0.4666666666666666,0.3684210526315789,0.3118568720707592,0.2539184066166418
296.0,Quinten Post,25.0,GSW,PF,67.0,35.0,17.3,2.9,6.6,0.44,1.4,4.1,0.336,1.5,2.4,0.617,0.546,0.5,0.6,0.791,1.0,3.0,4.0,1.4,0.4,0.5,0.8,1.9,7.7,,postqu01,247.0,25.0,PF,67.0,35.0,1159.0,13.0,0.56,0.631,0.098,6.4,19.7,12.9,11.9,1.1,2.8,10.9,18.8,0.7,1.2,1.9,0.078,-1.0,-0.1,-1.1,0.3,,postqu01,436,GSW,1955377.0,0.2352941176470588,0.2980132450331126,0.4426229508196724,0.2173913043478261,0.22265625,0.2908366533864542,0.1818181818181818,0.21978021978021978,0.26865671641791045,0.13333333333333333,0.2631578947368421,0.2509182941527793,0.37417931712952907
297.0,Ousmane Dieng,22.0,2TM,C,57.0,20.0,19.3,2.9,7.0,0.422,1.1,3.2,0.341,1.8,3.7,0.493,0.501,0.6,0.8,0.711,0.5,2.6,3.2,2.4,0.4,0.3,1.3,1.4,7.6,,diengou01,261.0,22.0,C,57.0,20.0,1099.0,10.2,0.516,0.465,0.113,3.0,15.2,9.2,17.7,1.1,1.5,15.2,19.7,-0.6,0.9,0.3,0.012,-2.6,-1.2,-3.8,-0.5,,diengou01,221,MIL,6670882.0,0.0202020202020202,0.11330049261083744,0.0,0.0,0.1762295081967213,0.3673469387755103,0.20192307692307696,0.03960396039603963,0.0,0.23076923076923084,0.06666666666666667,0.08688579978170545,0.045783535407666824
298.0,Buddy Hield,33.0,2TM,SG,51.0,3.0,16.1,2.8,6.4,0.437,1.5,4.2,0.349,1.4,2.3,0.6,0.55,0.6,0.7,0.811,0.5,1.7,2.3,1.4,0.8,0.2,0.9,1.1,7.6,,hieldbu01,324.0,33.0,SG,51.0,3.0,819.0,12.8,0.568,0.648,0.113,3.6,12.3,7.9,12.8,2.3,1.0,12.3,20.3,0.2,0.8,1.0,0.06,-0.9,-0.1,-1.0,0.2,,hieldbu01,181,ATL,9219512.0,0.2982456140350877,0.5080645161290323,0.4265402843601895,0.22580645161290328,0.18773946360153254,0.2222222222222223,0.14814814814814814,0.22413793103448273,0.35256410256410264,0.33333333333333337,0.15384615384615385,0.2960841417706408,0.1332918538637243
299.0,Ryan Kalkbrenner,24.0,CHO,C,69.0,31.0,21.4,3.2,4.2,0.753,0.0,0.1,0.0,3.2,4.1,0.766,0.753,1.2,1.7,0.716,2.4,3.0,5.5,0.8,0.5,1.5,0.9,1.6,7.6,,kalkbry01,166.0,24.0,C,69.0,31.0,1479.0,17.9,0.762,0.017,0.399,13.0,15.7,14.4,5.2,1.1,6.3,15.3,11.6,3.6,2.1,5.7,0.185,0.5,1.3,1.8,1.4,,kalkbry01,358,CHO,2296274.0,0.21212121212121213,0.3891625615763547,0.9609375,0.36986301369863017,0.1762295081967213,0.4530612244897959,0.04807692307692309,0.2673267326732673,0.34841628959276016,0.30769230769230776,0.4666666666666666,0.31115724662605,0.37430748188404206
300.0,Vince Williams Jr.,25.0,2TM,SG,40.0,12.0,20.5,2.6,7.3,0.353,1.4,4.4,0.311,1.2,2.9,0.417,0.447,1.0,1.3,0.78,1.0,2.9,3.9,4.2,0.7,0.4,1.8,2.0,7.5,,willivi01,323.0,25.0,SG,40.0,12.0,820.0,10.7,0.478,0.606,0.171,5.1,15.6,10.2,27.5,1.7,1.8,18.2,19.5,-0.4,0.5,0.1,0.008,-1.5,0.5,-1.0,0.2,,willivi01,356,UTA,2301587.0,0.2982456140350877,0.5080645161290323,0.0,0.12903225806451615,0.18390804597701146,0.40329218106995884,0.6666666666666666,0.5,0.21794871794871795,0.27777777777777773,0.3076923076923077,0.269658623745686,0.3234872653979724
301.0,Jaxson Hayes,25.0,LAL,C,66.0,9.0,18.3,3.0,4.0,0.756,0.0,0.0,1.0,3.0,3.9,0.753,0.761,1.5,2.3,0.653,1.5,2.6,4.1,0.9,0.4,0.8,0.5,1.9,7.5,,hayesja02,230.0,25.0,C,66.0,9.0,1207.0,18.3,0.758,0.011,0.573,10.0,16.1,13.2,6.9,1.2,4.0,8.6,13.0,3.8,1.2,5.0,0.199,0.8,0.4,1.2,1.0,,hayesja02,303,LAL,3449323.0,0.17171717171717174,0.3596059113300493,0.9453125,0.3219178082191781,0.17213114754098363,0.326530612244898,0.05769230769230771,0.1287128712871287,0.3665158371040725,0.23076923076923084,0.23333333333333336,0.27003258868095104,0.21808866985508718
302.0,Gary Payton II,33.0,GSW,SG,73.0,1.0,15.6,3.3,5.7,0.583,0.5,1.7,0.291,2.8,3.9,0.712,0.628,0.4,0.5,0.65,1.4,2.2,3.6,1.7,0.9,0.3,0.8,1.8,7.5,,paytoga02,252.0,33.0,SG,73.0,1.0,1142.0,18.3,0.632,0.306,0.096,9.7,16.3,12.9,16.9,2.8,1.7,12.5,18.4,2.0,1.5,3.5,0.149,0.7,1.3,1.9,1.1,,paytoga02,388,GSW,2296274.0,0.45614035087719296,0.7419354838709677,0.7298578199052135,0.4946236559139785,0.18390804597701146,0.20164609053497942,0.20370370370370372,0.4482758620689655,0.7051282051282052,0.38888888888888884,0.23076923076923075,0.44342638520295163,0.533421012835137
303.0,Ben Saraf,19.0,BRK,SG,44.0,11.0,20.8,2.7,6.9,0.396,0.4,2.0,0.211,2.3,4.8,0.474,0.427,1.7,2.0,0.83,0.5,1.6,2.1,3.3,0.9,0.2,2.3,1.8,7.5,,sarafbe01,295.0,19.0,SG,44.0,11.0,916.0,7.8,0.486,0.297,0.29,2.4,9.7,5.8,24.5,2.1,0.8,22.5,21.0,-1.6,0.5,-1.1,-0.057,-5.6,-1.7,-7.3,-1.2,,sarafbe01,325,BRK,2884560.0,0.052631578947368425,0.0,0.037914691943128,0.0,0.18390804597701146,0.4156378600823046,0.49999999999999994,0.18965517241379312,0.032051282051282055,0.38888888888888884,0.15384615384615385,0.10822216977013321,0.10215687353218905
304.0,Ja'Kobe Walter,21.0,TOR,SG,72.0,19.0,20.5,2.5,5.6,0.446,1.5,3.7,0.409,1.0,1.9,0.519,0.582,1.0,1.3,0.789,0.8,1.8,2.6,1.2,1.0,0.2,0.5,2.3,7.5,,walteja01,168.0,21.0,SG,72.0,19.0,1474.0,11.8,0.61,0.666,0.223,4.3,10.0,7.1,7.7,2.4,0.9,7.7,14.0,1.9,1.9,3.7,0.121,-1.3,1.0,-0.3,0.6,,walteja01,298,TOR,3638160.0,0.3684210526315789,0.5645161290322581,0.6255924170616115,0.5161290322580646,0.18390804597701146,0.40329218106995884,0.1111111111111111,0.27586206896551724,0.28846153846153855,0.4444444444444445,0.15384615384615385,0.3581919557998462,0.27735039957513913
305.0,Josh Minott,23.0,2TM,PF,49.0,11.0,17.0,2.6,5.1,0.5,1.3,3.1,0.418,1.3,2.0,0.626,0.627,1.0,1.2,0.787,1.0,2.2,3.2,0.9,0.9,0.5,0.9,1.5,7.4,,minotjo01,319.0,23.0,PF,49.0,11.0,834.0,16.0,0.653,0.607,0.242,6.4,14.8,10.6,7.9,2.6,2.8,13.4,16.8,1.2,1.2,2.4,0.139,1.4,1.1,2.5,1.0,,minotjo01,348,BRK,2378870.0,0.3725490196078431,0.5364238410596026,0.823770491803279,0.27173913043478265,0.2109375,0.2788844621513944,0.09090909090909091,0.1318681318681319,0.3805970149253731,0.4666666666666666,0.2631578947368421,0.3694926747508908,0.4263579118112373
306.0,Taylor Hendricks,22.0,2TM,PF,59.0,17.0,18.9,2.8,6.0,0.459,1.1,3.1,0.342,1.7,2.9,0.585,0.548,0.8,1.2,0.681,1.1,2.6,3.7,0.9,0.8,0.5,0.8,1.7,7.4,,hendrta01,259.0,22.0,PF,59.0,17.0,1118.0,12.2,0.566,0.518,0.203,6.2,15.4,10.7,6.8,2.1,2.5,11.5,16.2,0.4,0.8,1.1,0.049,-1.5,-0.9,-2.4,-0.1,,hendrta01,233,MEM,6127080.0,0.1568627450980392,0.2119205298013245,0.4672131147540982,0.13043478260869568,0.2109375,0.3545816733067728,0.09090909090909091,0.18681318681318684,0.2388059701492537,0.4000000000000001,0.2631578947368421,0.22293148404969199,0.12298186938552554
307.0,Jose Alvarado,27.0,2TM,PG,69.0,3.0,19.9,2.7,6.5,0.416,1.5,4.2,0.352,1.2,2.3,0.531,0.529,0.5,0.7,0.761,0.4,2.1,2.5,3.4,1.0,0.1,1.1,1.9,7.4,,alvarjo01,199.0,27.0,PG,69.0,3.0,1370.0,12.1,0.543,0.639,0.102,2.1,11.6,6.8,23.1,2.3,0.6,14.1,16.8,1.0,1.2,2.2,0.077,-1.3,0.3,-1.0,0.3,,alvarjo01,275,NYK,4500000.0,0.2021276595744681,0.33157894736842103,0.4763948497854078,0.2261904761904762,0.14426229508196722,0.35125448028673834,0.2613636363636363,0.2054794520547945,0.23045267489711932,0.33333333333333326,0.125,0.23140895907380912,0.1538544223653607
308.0,Bogdan Bogdanović,33.0,LAC,SG,23.0,3.0,19.7,2.6,6.6,0.388,1.4,4.1,0.347,1.1,2.5,0.456,0.497,0.9,1.1,0.8,0.3,2.3,2.6,2.2,0.4,0.1,1.2,2.0,7.4,,bogdabo01,394.0,33.0,SG,23.0,3.0,452.0,8.9,0.525,0.625,0.164,1.6,13.3,7.6,15.9,1.1,0.6,14.2,18.6,-0.1,0.3,0.2,0.02,-2.3,-0.8,-3.1,-0.1,,bogdabo01,112,LAC,16020000.0,0.24561403508771928,0.3387096774193548,0.22274881516587702,0.13978494623655915,0.18007662835249041,0.37037037037037035,0.2962962962962963,0.27586206896551724,0.10256410256410262,0.11111111111111112,0.07692307692307693,0.2121545319398953,0.0764841120510613
309.0,Caris LeVert,31.0,DET,SG,60.0,0.0,19.2,2.7,6.5,0.417,1.0,3.0,0.333,1.7,3.5,0.488,0.494,1.0,1.4,0.679,0.4,1.6,2.0,2.7,0.9,0.7,1.4,1.5,7.4,,leverca01,249.0,31.0,SG,60.0,0.0,1154.0,10.9,0.518,0.46,0.215,2.3,9.0,5.7,18.2,2.1,3.5,16.1,18.4,-0.2,1.8,1.6,0.066,-1.8,1.5,-0.4,0.5,,leverca01,125,DET,14104000.0,0.3508771929824561,0.5564516129032259,0.18957345971564002,0.29032258064516137,0.18007662835249041,0.34979423868312753,0.3888888888888889,0.1724137931034483,0.23076923076923084,0.38888888888888884,0.5384615384615384,0.32539646290132124,0.12295544012956171
312.0,Kris Dunn,31.0,LAC,PG,82.0,68.0,27.2,2.8,5.8,0.476,1.0,2.6,0.374,1.8,3.2,0.559,0.56,0.8,1.0,0.765,0.7,2.6,3.3,3.6,1.6,0.2,1.4,2.3,7.3,,dunnkr01,51.0,31.0,PG,82.0,68.0,2230.0,11.3,0.581,0.449,0.17,3.1,10.8,7.1,17.9,2.9,0.6,17.8,12.4,1.7,2.3,4.0,0.085,-2.3,1.5,-0.8,0.6,,dunnkr01,252,LAC,5426400.0,0.23404255319148937,0.34210526315789475,0.6394849785407722,0.3333333333333333,0.14098360655737704,0.6129032258064517,0.28409090909090906,0.31506849315068486,0.19753086419753088,0.6666666666666666,0.25,0.2891946378814005,0.17099199050878788
313.0,Nikola Jović,22.0,MIA,PF,47.0,1.0,17.2,2.4,6.7,0.366,1.0,3.6,0.269,1.5,3.1,0.476,0.438,1.5,2.1,0.683,0.5,2.7,3.3,2.2,0.6,0.4,1.4,1.4,7.3,,jovicni01,326.0,22.0,PF,47.0,1.0,808.0,9.5,0.48,0.532,0.322,3.2,16.5,9.8,16.5,1.5,1.9,15.4,21.4,-0.9,1.0,0.0,0.001,-3.5,-0.1,-3.5,-0.3,,jovicni01,276,MIA,4445417.0,0.11764705882352941,0.1390728476821192,0.11475409836065564,0.010869565217391306,0.20703124999999997,0.28685258964143423,0.3272727272727273,0.14285714285714285,0.13805970149253732,0.26666666666666666,0.2105263157894737,0.154779437289482,0.10374835322095116
316.0,Terance Mann,29.0,BRK,SG,63.0,51.0,24.3,2.7,5.8,0.457,0.9,2.4,0.364,1.8,3.4,0.523,0.533,1.0,1.3,0.788,1.1,2.1,3.2,3.0,0.7,0.2,1.1,2.5,7.2,,mannte01,159.0,29.0,SG,63.0,51.0,1529.0,10.2,0.564,0.418,0.217,5.0,10.5,7.6,18.6,1.3,0.9,15.0,13.5,1.2,0.6,1.8,0.056,-2.7,-0.7,-3.4,-0.6,,mannte01,114,BRK,15500000.0,0.15789473684210525,0.3145161290322581,0.40758293838862547,0.31182795698924737,0.17241379310344826,0.5596707818930041,0.4444444444444444,0.37931034482758624,0.18589743589743588,0.27777777777777773,0.15384615384615385,0.22532255345313632,0.08220930498907714
318.0,Julian Strawther,23.0,DEN,SG,57.0,14.0,15.1,2.6,5.6,0.467,1.0,2.6,0.387,1.6,3.0,0.538,0.558,1.0,1.2,0.814,0.2,1.8,2.0,1.1,0.4,0.1,0.6,1.3,7.2,,strawju01,313.0,23.0,SG,57.0,14.0,861.0,12.5,0.59,0.47,0.219,1.6,12.7,7.4,9.8,1.4,0.7,9.3,19.4,0.7,0.6,1.3,0.071,-1.2,-1.1,-2.3,-0.1,,strawju01,335,DEN,2674200.0,0.24561403508771928,0.40322580645161293,0.5308056872037915,0.2580645161290323,0.17241379310344826,0.18106995884773663,0.0925925925925926,0.1724137931034483,0.33333333333333337,0.11111111111111112,0.07692307692307693,0.2520023023906235,0.2561909552871754
319.0,Jaylin Williams,23.0,OKC,PF,65.0,11.0,19.6,2.3,5.4,0.423,1.5,3.9,0.383,0.8,1.5,0.531,0.563,1.1,1.4,0.793,0.5,5.0,5.5,2.4,0.5,0.6,1.0,2.0,7.2,,willija07,220.0,23.0,PF,65.0,11.0,1277.0,13.8,0.597,0.727,0.261,2.8,26.6,15.2,16.0,1.2,3.2,14.6,15.6,1.3,2.8,4.1,0.155,0.0,2.8,2.7,1.5,,willija07,193,OKC,8450704.0,0.4705882352941176,0.5496688741721855,0.5942622950819672,0.45652173913043476,0.203125,0.3824701195219124,0.36363636363636365,0.38461538461538464,0.29850746268656714,0.19999999999999998,0.3157894736842105,0.3876006974097426,0.18160981259847647
322.0,Ben Sheppard,24.0,IND,SG,65.0,20.0,21.4,2.6,6.0,0.434,1.3,3.6,0.362,1.3,2.4,0.542,0.543,0.6,0.8,0.765,0.7,2.3,3.0,1.8,0.6,0.1,0.6,1.8,7.1,,sheppbe01,193.0,24.0,SG,65.0,20.0,1390.0,9.7,0.561,0.599,0.132,3.3,12.2,7.6,11.3,1.3,0.4,9.1,13.8,0.8,0.7,1.4,0.05,-2.4,-0.6,-3.0,-0.4,,sheppbe01,328,IND,2790720.0,0.1929824561403509,0.3467741935483871,0.393364928909953,0.2688172043010753,0.16858237547892718,0.4403292181069958,0.22222222222222224,0.3448275862068966,0.15384615384615383,0.2222222222222222,0.07692307692307693,0.2214052020075285,0.21573154288532465
325.0,Grant Williams,27.0,CHO,PF,36.0,3.0,19.8,2.2,5.1,0.426,1.4,3.7,0.388,0.7,1.4,0.531,0.568,1.2,1.5,0.815,1.3,2.7,3.9,1.6,0.5,0.5,0.9,1.6,7.0,,willigr01,341.0,27.0,PF,36.0,3.0,711.0,12.9,0.609,0.732,0.295,7.4,15.0,11.3,10.6,1.2,2.3,13.0,14.1,1.1,0.8,1.9,0.131,0.6,1.0,1.6,0.7,,willigr01,135,CHO,13645500.0,0.3137254901960784,0.47682119205298007,0.6434426229508198,0.2173913043478261,0.1953125,0.3904382470119522,0.21818181818181823,0.2087912087912088,0.26492537313432835,0.19999999999999998,0.2631578947368421,0.3087625815397303,0.11814549019457254
326.0,Patrick Williams,24.0,CHI,PF,72.0,6.0,20.5,2.5,6.6,0.372,1.3,3.8,0.347,1.2,2.8,0.407,0.472,0.8,1.0,0.72,0.7,2.3,3.0,1.5,0.7,0.4,1.0,1.3,7.0,,willipa01,169.0,24.0,PF,72.0,6.0,1474.0,8.2,0.494,0.573,0.157,3.6,11.8,7.7,9.4,1.6,1.5,12.8,16.6,-1.1,1.0,-0.1,-0.005,-3.4,-1.1,-4.5,-0.9,,willipa01,106,CHI,18000000.0,0.0,0.07284768211920528,0.17213114754098358,0.0,0.1953125,0.4183266932270916,0.2,0.10989010989010989,0.08955223880597013,0.3333333333333333,0.2105263157894737,0.11201836658706164,0.038755695104285566
327.0,Javonte Green,32.0,DET,SG,82.0,6.0,17.6,2.3,5.0,0.447,1.1,3.0,0.381,1.1,2.0,0.545,0.56,1.3,1.5,0.84,0.8,2.0,2.8,0.7,1.2,0.3,0.5,1.3,6.9,,greenja02,177.0,32.0,SG,82.0,6.0,1446.0,14.1,0.607,0.597,0.302,4.9,12.8,8.9,5.0,3.4,1.7,8.8,14.8,2.0,2.7,4.7,0.156,-0.3,2.4,2.1,1.5,,greenja02,389,DET,2296274.0,0.5263157894736842,0.7580645161290324,0.6113744075829385,0.6236559139784947,0.16091954022988506,0.2839506172839507,0.018518518518518514,0.31034482758620685,0.43589743589743596,0.5555555555555556,0.23076923076923075,0.4510559158229219,0.5425989780770982
328.0,Moritz Wagner,28.0,ORL,C,36.0,0.0,11.9,2.3,5.4,0.426,0.6,1.9,0.314,1.7,3.5,0.488,0.482,1.6,2.0,0.819,0.8,2.4,3.2,0.8,0.4,0.1,0.5,1.6,6.9,,wagnemo01,401.0,28.0,C,36.0,0.0,427.0,15.3,0.545,0.359,0.369,7.0,23.2,15.0,9.7,1.7,0.4,7.7,24.3,0.4,0.6,0.9,0.104,-1.4,-0.8,-2.2,0.0,,wagnemo01,263,ORL,5000000.0,0.07070707070707072,0.1921182266009852,0.1132812500000001,0.04109589041095891,0.1475409836065574,0.06530612244897958,0.04807692307692309,0.03960396039603963,0.23076923076923087,0.23076923076923084,0.0,0.11906704188726633,0.07398051267923118
331.0,Keon Ellis,26.0,2TM,SG,72.0,11.0,20.5,2.3,5.3,0.44,1.3,3.5,0.363,1.1,1.8,0.586,0.559,0.7,1.0,0.729,0.5,1.3,1.9,1.0,1.2,0.6,0.6,1.9,6.7,,elliske01,167.0,26.0,SG,72.0,11.0,1478.0,10.8,0.579,0.654,0.182,2.8,7.3,5.1,6.3,2.7,2.9,9.0,13.0,1.0,1.2,2.2,0.072,-1.8,1.3,-0.5,0.6,,elliske01,357,CLE,2301587.0,0.3684210526315789,0.5483870967741936,0.4786729857819905,0.35483870967741943,0.1532567049808429,0.40329218106995884,0.07407407407407407,0.15517241379310343,0.22435897435897445,0.5555555555555556,0.4615384615384615,0.34956821121170734,0.41934822311331743
332.0,Isaiah Jackson,24.0,2TM,C,55.0,14.0,16.5,2.7,4.3,0.637,0.0,0.1,0.0,2.7,4.3,0.645,0.637,1.2,1.9,0.648,2.1,3.2,5.3,0.9,0.7,0.9,1.1,2.7,6.7,,jacksis01,300.0,24.0,C,55.0,14.0,908.0,17.3,0.653,0.013,0.443,13.6,21.8,17.7,8.5,1.9,4.8,17.0,16.2,1.4,1.2,2.6,0.139,-1.9,0.8,-1.2,0.2,,jacksis01,209,LAC,7600000.0,0.09090909090909091,0.2413793103448276,0.53515625,0.15753424657534248,0.13934426229508198,0.2530612244897959,0.05769230769230771,0.2475247524752475,0.32126696832579194,0.46153846153846156,0.26666666666666666,0.19964950460777348,0.0984393053487678
333.0,Cole Anthony,25.0,MIL,PG,35.0,0.0,15.1,2.8,6.6,0.424,0.6,2.1,0.306,2.2,4.5,0.478,0.472,0.5,0.7,0.615,0.5,2.0,2.5,3.5,0.6,0.3,1.9,2.1,6.7,,anthoco01,375.0,25.0,PG,35.0,0.0,527.0,10.7,0.483,0.312,0.113,3.5,15.1,9.3,34.8,1.9,2.1,21.1,25.8,-0.9,0.4,-0.5,-0.042,-3.9,-0.9,-4.7,-0.4,,anthoco01,293,MEM,5996274.0,0.12765957446808512,0.13684210526315788,0.21888412017167375,0.06547619047619048,0.12131147540983607,0.17921146953405018,0.2727272727272727,0.2054794520547945,0.17283950617283947,0.11111111111111106,0.37499999999999994,0.147395451854048,0.08229149798319754
334.0,Kevin Love,37.0,UTA,PF,37.0,5.0,16.6,2.1,5.4,0.397,1.4,3.8,0.373,0.7,1.5,0.456,0.53,1.0,1.2,0.841,1.5,4.3,5.8,1.8,0.4,0.2,0.8,1.5,6.7,,loveke01,361.0,37.0,PF,37.0,5.0,613.0,14.7,0.568,0.714,0.221,9.5,28.9,18.9,14.6,1.1,1.4,12.1,16.6,0.8,0.3,1.1,0.088,1.1,-0.9,0.2,0.3,,loveke01,284,UTA,4150000.0,0.2352941176470588,0.3841059602649007,0.47540983606557363,0.13043478260869568,0.18359375,0.2629482071713148,0.2545454545454545,0.4175824175824176,0.33208955223880593,0.13333333333333333,0.10526315789473685,0.24606070828052393,0.17290370828407803
335.0,Robert Williams,28.0,POR,C,59.0,1.0,17.1,3.0,4.2,0.708,0.2,0.4,0.391,2.8,3.8,0.74,0.726,0.6,1.0,0.596,2.4,4.6,7.0,1.0,0.6,1.5,0.8,1.3,6.7,,williro04,276.0,28.0,C,59.0,1.0,1008.0,22.1,0.722,0.092,0.228,14.9,29.9,22.3,8.9,1.7,7.7,15.1,13.1,2.4,2.0,4.5,0.213,2.0,2.4,4.5,1.7,,williro04,139,POR,13285713.0,0.24242424242424246,0.5221674876847291,0.8046874999999998,0.28767123287671237,0.13934426229508198,0.2775510204081633,0.06730769230769232,0.4158415841584158,0.5384615384615387,0.3846153846153847,0.4666666666666666,0.32983983015047436,0.12751428510082344
337.0,Jamal Shead,23.0,TOR,PG,82.0,12.0,22.6,2.3,6.1,0.367,1.0,3.2,0.321,1.2,3.0,0.417,0.45,1.1,1.4,0.784,0.3,1.4,1.7,5.4,0.9,0.2,1.4,2.0,6.6,6MOY-12,sheadja01,105.0,23.0,PG,82.0,12.0,1852.0,10.5,0.491,0.52,0.23,1.6,7.2,4.4,30.6,2.0,0.8,16.8,15.5,0.8,2.0,2.7,0.07,-2.3,0.0,-2.3,-0.1,6MOY-12,sheadja01,427,TOR,1955377.0,0.15957446808510636,0.2631578947368421,0.25321888412017163,0.255952380952381,0.11803278688524589,0.4480286738351255,0.4886363636363637,0.09589041095890409,0.1646090534979424,0.27777777777777773,0.25,0.19648320186458765,0.2930035474270758
338.0,Oso Ighodaro,23.0,PHO,PF,82.0,24.0,22.0,2.9,4.5,0.653,0.0,0.0,0.0,2.9,4.5,0.655,0.653,0.6,1.4,0.453,1.7,3.4,5.1,2.3,0.9,0.7,1.2,2.7,6.5,,ighodos01,112.0,23.0,PF,82.0,24.0,1808.0,13.8,0.636,0.003,0.32,8.2,17.8,12.8,14.2,2.0,3.0,19.5,12.2,2.1,2.6,4.7,0.125,-2.2,2.3,0.1,0.9,,ighodos01,428,PHO,1955377.0,0.3529411764705882,0.37748344370860926,0.7540983606557379,0.5217391304347826,0.17578125,0.4780876494023904,0.34545454545454546,0.3406593406593406,0.29850746268656714,0.4666666666666666,0.3684210526315789,0.35573539539378124,0.5304867378310834
339.0,Luke Kornet,30.0,SAS,C,68.0,25.0,21.0,2.6,4.0,0.643,0.0,0.0,,2.6,4.0,0.643,0.643,1.4,1.7,0.825,2.7,3.4,6.1,1.9,0.5,1.0,0.4,1.8,6.5,,kornelu01,183.0,30.0,C,68.0,25.0,1430.0,17.9,0.689,0.0,0.419,14.0,17.0,15.5,11.3,1.1,4.0,8.0,10.3,4.6,2.3,6.9,0.231,1.6,2.1,3.6,2.0,,kornelu01,159,SAS,11000000.0,0.27272727272727276,0.47783251231527096,0.6757812499999997,0.452054794520548,0.13114754098360656,0.43673469387755104,0.15384615384615385,0.3267326732673267,0.34841628959276016,0.30769230769230776,0.3,0.3129220861465903,0.13049864591517657
340.0,Drake Powell,20.0,BRK,SG,63.0,24.0,21.0,2.3,5.7,0.402,0.8,2.9,0.28,1.5,2.8,0.528,0.473,1.1,1.2,0.896,0.3,1.4,1.8,1.4,0.6,0.2,1.0,1.4,6.5,,poweldr01,210.0,20.0,SG,63.0,24.0,1320.0,7.3,0.521,0.508,0.215,1.8,8.4,4.9,10.3,1.3,1.0,13.3,14.9,-0.5,0.5,-0.1,-0.003,-4.6,-1.3,-6.0,-1.3,,poweldr01,306,BRK,3372240.0,0.035087719298245605,0.10483870967741936,0.203791469194313,0.10752688172043012,0.14559386973180075,0.42386831275720166,0.14814814814814814,0.13793103448275862,0.0,0.2222222222222222,0.15384615384615385,0.1074460986555041,0.08839101095037084
341.0,Trendon Watford,25.0,PHI,PF,53.0,7.0,16.3,2.6,5.1,0.515,0.2,0.9,0.2,2.4,4.1,0.587,0.534,1.1,1.5,0.779,0.7,2.6,3.3,2.5,0.3,0.4,1.2,2.0,6.5,,watfotr01,312.0,25.0,PF,53.0,7.0,864.0,13.1,0.573,0.187,0.287,4.7,17.5,11.0,21.8,0.9,2.4,17.5,17.9,0.6,0.8,1.4,0.078,-2.2,0.2,-1.9,0.0,,watfotr01,345,PHI,2461463.0,0.1764705882352941,0.24503311258278143,0.4959016393442622,0.16304347826086957,0.17578125,0.250996015936255,0.38181818181818183,0.14285714285714285,0.27238805970149255,0.06666666666666665,0.2105263157894737,0.2080197789106567,0.23093912739194022
342.0,Kenrich Williams,31.0,OKC,PF,56.0,2.0,15.3,2.5,5.3,0.473,0.9,2.3,0.388,1.6,3.0,0.539,0.557,0.6,0.9,0.635,1.1,2.3,3.3,1.4,0.6,0.1,0.8,1.1,6.5,,willike04,316.0,31.0,PF,56.0,2.0,855.0,14.2,0.569,0.436,0.176,7.8,15.6,11.9,12.7,1.8,0.6,11.9,18.3,0.8,1.5,2.3,0.13,-0.1,0.3,0.2,0.5,,willike04,215,OKC,7163000.0,0.2745098039215686,0.3841059602649007,0.47950819672131134,0.2608695652173913,0.17578125,0.21115537848605578,0.1818181818181818,0.14285714285714285,0.3134328358208955,0.26666666666666666,0.052631578947368425,0.26453013028306827,0.13435230289153424
343.0,Jevon Carter,30.0,2TM,PG,53.0,1.0,16.4,2.3,5.8,0.401,1.5,4.1,0.363,0.8,1.7,0.489,0.528,0.3,0.4,0.789,0.3,1.4,1.7,1.6,0.8,0.2,0.7,1.1,6.4,,carteje01,311.0,30.0,PG,53.0,1.0,867.0,10.7,0.537,0.7,0.062,1.8,9.6,5.6,14.0,2.2,1.0,10.2,17.0,0.1,0.8,0.9,0.052,-1.4,0.4,-1.1,0.2,,carteje01,219,CHI,7680524.0,0.19148936170212766,0.32631578947368417,0.4506437768240344,0.1488095238095238,0.11147540983606559,0.2258064516129032,0.056818181818181816,0.09589041095890409,0.17283950617283947,0.2222222222222222,0.25,0.20410598685104434,0.10011635398720457
344.0,Andre Drummond,32.0,PHI,C,63.0,25.0,19.5,2.5,5.3,0.472,0.5,1.4,0.356,2.0,3.9,0.514,0.519,0.8,1.3,0.631,3.2,5.3,8.4,1.3,0.6,0.8,1.0,2.0,6.4,,drumman01,226.0,32.0,C,63.0,25.0,1231.0,16.4,0.539,0.267,0.249,17.5,29.8,23.6,8.9,1.5,3.7,14.0,14.9,1.5,1.9,3.4,0.133,-0.4,-0.2,-0.6,0.4,,drumman01,262,PHI,5000000.0,0.11111111111111113,0.27093596059113306,0.08984375000000008,0.2123287671232877,0.12704918032786888,0.37551020408163266,0.09615384615384617,0.5544554455445544,0.28054298642533937,0.3846153846153847,0.23333333333333336,0.18422819161379186,0.114467411380391
346.0,Jalen Wilson,25.0,BRK,PF,54.0,2.0,15.9,2.0,5.1,0.396,1.0,2.8,0.355,1.0,2.3,0.444,0.493,1.3,1.8,0.719,0.3,1.8,2.1,0.9,0.4,0.0,0.7,1.6,6.4,,wilsoja03,314.0,25.0,PF,54.0,2.0,859.0,8.7,0.536,0.547,0.345,2.2,13.9,7.7,9.0,1.3,0.2,10.6,18.2,-0.2,0.4,0.2,0.012,-3.6,-2.1,-5.6,-0.8,,wilsoja03,409,BRK,2221677.0,0.019607843137254895,0.0,0.3442622950819674,0.03260869565217392,0.171875,0.2350597609561753,0.09090909090909091,0.010989010989010999,0.10820895522388058,0.13333333333333333,0.0,0.08932184487160977,0.11189535453254901
347.0,Rob Dillingham,21.0,2TM,PG,65.0,0.0,14.9,2.5,6.3,0.396,0.6,2.0,0.316,1.9,4.3,0.434,0.447,0.6,0.8,0.745,0.3,1.7,2.0,2.2,0.7,0.1,1.5,1.8,6.3,,dilliro01,286.0,21.0,PG,65.0,0.0,970.0,7.7,0.469,0.323,0.133,2.1,12.2,7.2,20.6,2.3,0.5,18.6,23.1,-2.0,0.9,-1.1,-0.056,-6.3,-0.9,-7.3,-1.3,,dilliro01,225,CHI,6576120.0,0.03191489361702128,0.0,0.15879828326180245,0.02976190476190476,0.10819672131147541,0.1720430107526882,0.125,0.136986301369863,0.04938271604938272,0.1666666666666666,0.125,0.07036132190534392,0.03735778078247325
348.0,Tyrese Martin,26.0,2TM,SG,46.0,6.0,16.9,2.4,6.0,0.394,1.2,3.6,0.321,1.2,2.4,0.5,0.489,0.4,0.6,0.679,0.7,1.8,2.5,1.7,0.5,0.1,0.9,0.7,6.3,,martity01,330.0,26.0,SG,46.0,6.0,777.0,10.3,0.501,0.596,0.101,4.8,12.9,8.6,15.6,1.6,0.7,12.1,18.4,-0.3,0.4,0.1,0.006,-2.0,-1.4,-3.4,-0.3,,martity01,420,BRK,2191897.0,0.21052631578947367,0.3145161290322581,0.109004739336493,0.12903225806451615,0.1379310344827586,0.25514403292181065,0.20370370370370372,0.25862068965517243,0.1923076923076924,0.16666666666666666,0.07692307692307693,0.18879133825249073,0.24056980873713563
349.0,Kyle Anderson,32.0,3TM,SF,43.0,5.0,19.8,2.5,4.7,0.53,0.1,0.3,0.364,2.4,4.4,0.539,0.54,1.1,1.6,0.706,1.0,2.5,3.5,2.9,1.0,0.6,0.9,2.2,6.2,,anderky01,317.0,32.0,SF,43.0,5.0,853.0,13.7,0.573,0.054,0.337,5.4,13.8,9.6,19.4,2.5,2.8,14.4,13.2,1.0,0.8,1.9,0.105,-1.3,1.7,0.4,0.5,,anderky01,182,MEM,9219512.0,0.26153846153846155,0.392,0.5290322580645158,0.1851851851851852,0.09274193548387098,0.36641221374045807,0.3333333333333333,0.24444444444444446,0.2755102040816326,0.4444444444444445,0.5,0.2780915741151292,0.12519191752728445
350.0,Thomas Bryant,28.0,CLE,C,60.0,1.0,12.2,2.3,4.5,0.506,0.8,2.2,0.359,1.5,2.3,0.647,0.594,0.9,1.1,0.803,1.0,2.4,3.4,0.6,0.3,0.4,0.5,1.3,6.2,,bryanth01,336.0,28.0,C,60.0,1.0,732.0,17.2,0.625,0.491,0.247,8.9,21.9,15.4,6.3,1.2,3.4,8.6,18.6,1.4,0.9,2.3,0.153,0.8,-0.7,0.1,0.4,,bryanth01,393,CLE,2296274.0,0.11111111111111113,0.3054187192118227,0.42578124999999994,0.136986301369863,0.11885245901639346,0.07755102040816322,0.028846153846153848,0.0594059405940594,0.31674208144796384,0.15384615384615385,0.10000000000000002,0.16958369703935525,0.20400118363199682
351.0,Alex Caruso,31.0,OKC,SG,56.0,0.0,18.2,2.3,5.4,0.423,0.9,3.2,0.293,1.3,2.1,0.622,0.512,0.7,0.9,0.804,0.5,2.3,2.8,2.0,1.3,0.3,0.9,1.2,6.2,,carusal01,273.0,31.0,SG,56.0,0.0,1020.0,12.8,0.54,0.603,0.17,3.1,13.0,8.2,14.1,3.4,1.6,13.0,15.7,0.3,2.2,2.5,0.12,-1.4,3.3,1.9,1.0,,carusal01,103,OKC,18102000.0,0.43859649122807015,0.7419354838709677,0.293838862559242,0.38709677419354843,0.13409961685823754,0.30864197530864196,0.25925925925925924,0.31034482758620685,0.35256410256410264,0.6111111111111112,0.23076923076923075,0.3813515516420678,0.1316811457570171
352.0,Kasparas Jakučionis,19.0,MIA,PG,53.0,12.0,17.8,1.9,4.5,0.429,1.2,2.9,0.423,0.7,1.5,0.439,0.567,1.1,1.2,0.879,0.8,1.8,2.6,2.6,0.6,0.1,0.9,1.9,6.2,,jakucka01,291.0,19.0,PG,53.0,12.0,945.0,11.9,0.614,0.655,0.277,4.7,10.5,7.6,18.1,1.6,0.7,15.8,13.7,1.4,0.9,2.3,0.114,-1.0,0.6,-0.4,0.4,,jakucka01,297,MIA,3658800.0,0.2127659574468085,0.36315789473684207,0.781115879828326,0.23214285714285712,0.10491803278688525,0.2759856630824373,0.17045454545454544,0.2191780821917808,0.22222222222222224,0.11111111111111106,0.125,0.23025747891790307,0.17751231676974366
356.0,Gradey Dick,22.0,TOR,SG,76.0,1.0,14.0,2.1,5.1,0.419,0.7,2.4,0.301,1.4,2.6,0.53,0.492,1.0,1.2,0.875,0.6,1.4,1.9,0.7,0.6,0.1,0.6,1.3,6.0,,dickgr01,269.0,22.0,SG,76.0,1.0,1067.0,10.7,0.538,0.484,0.229,4.4,11.3,7.8,6.5,2.1,0.6,9.2,18.7,0.2,1.3,1.4,0.064,-3.2,-0.4,-3.6,-0.4,,dickgr01,265,TOR,4990560.0,0.1929824561403509,0.29838709677419356,0.28436018957346,0.2688172043010753,0.1264367816091954,0.1358024691358025,0.018518518518518514,0.15517241379310343,0.21794871794871795,0.2222222222222222,0.07692307692307693,0.1938710555510349,0.12060046737288703
357.0,Justin Edwards,22.0,PHI,SF,64.0,12.0,15.3,2.2,5.0,0.447,1.0,2.8,0.372,1.2,2.2,0.543,0.552,0.5,0.6,0.846,0.4,1.1,1.5,1.3,0.8,0.2,0.6,1.4,6.0,,edwarju01,283.0,22.0,SF,64.0,12.0,977.0,12.1,0.572,0.563,0.122,2.9,7.7,5.2,11.5,2.7,1.1,9.6,16.1,0.8,0.9,1.7,0.086,-1.8,0.6,-1.3,0.2,,edwarju01,422,PHI,2048494.0,0.21538461538461537,0.256,0.52258064516129,0.16666666666666669,0.08467741935483872,0.19465648854961837,0.12000000000000001,0.022222222222222216,0.19387755102040813,0.33333333333333337,0.1,0.20316971104316933,0.2833193778925884
359.0,Tidjane Salaün,20.0,CHO,PF,37.0,0.0,15.5,2.2,4.3,0.503,1.0,2.2,0.434,1.2,2.1,0.579,0.616,0.7,1.1,0.65,0.7,3.3,4.0,0.7,0.4,0.2,0.7,1.5,6.0,,salauti01,364.0,20.0,PF,37.0,0.0,575.0,12.9,0.629,0.522,0.252,5.2,23.7,14.6,6.6,1.4,1.1,12.8,14.9,0.6,0.8,1.4,0.117,-1.2,0.4,-0.8,0.2,,salauti01,206,CHO,7863240.0,0.2156862745098039,0.31788079470198677,0.725409836065574,0.16304347826086957,0.15625,0.21912350597609562,0.054545454545454536,0.21978021978021978,0.26492537313432835,0.13333333333333333,0.10526315789473685,0.23232947843859333,0.11266105175406896
360.0,Goga Bitadze,26.0,ORL,C,64.0,3.0,15.2,2.4,3.5,0.676,0.0,0.2,0.182,2.3,3.3,0.701,0.68,1.1,1.5,0.711,2.1,2.9,5.0,1.3,0.6,1.0,0.7,2.1,5.9,,bitadgo01,285.0,26.0,C,64.0,3.0,972.0,20.1,0.7,0.049,0.431,15.6,21.2,18.4,12.5,1.8,5.7,13.8,13.5,2.8,1.6,4.4,0.218,0.8,2.0,2.8,1.2,,bitadgo01,196,ORL,8333333.0,0.19191919191919193,0.438423645320197,0.7187499999999998,0.28082191780821925,0.10655737704918035,0.19999999999999998,0.09615384615384617,0.21782178217821782,0.4479638009049775,0.3846153846153847,0.3,0.27133130232525093,0.12797055781582217
362.0,Kobe Brown,26.0,2TM,PF,61.0,10.0,15.8,2.1,4.4,0.469,0.9,2.3,0.374,1.2,2.2,0.568,0.565,0.8,1.0,0.797,1.1,1.9,3.0,1.3,0.4,0.2,0.9,1.1,5.8,,brownko01,289.0,26.0,PF,61.0,10.0,963.0,12.0,0.594,0.513,0.218,7.8,13.6,10.7,11.6,1.2,1.1,15.1,15.6,0.8,0.6,1.3,0.066,-1.2,-1.4,-2.7,-0.2,,brownko01,338,IND,2654880.0,0.1372549019607843,0.1920529801324503,0.5819672131147541,0.1521739130434783,0.14843749999999997,0.2310756972111554,0.16363636363636364,0.10989010989010989,0.23134328358208955,0.13333333333333333,0.10526315789473685,0.18025700778760137,0.18461399859699662
363.0,Nick Richards,28.0,2TM,C,48.0,6.0,14.6,2.1,4.2,0.512,0.1,0.4,0.278,2.0,3.8,0.536,0.525,1.4,2.1,0.644,1.6,3.5,5.1,0.3,0.2,0.7,1.2,1.8,5.8,,richani01,342.0,28.0,C,48.0,6.0,701.0,11.9,0.562,0.09,0.502,11.8,25.6,18.7,3.2,0.7,4.1,19.4,18.2,-0.2,0.8,0.6,0.04,-4.9,-1.2,-6.1,-0.7,,richani01,264,CHI,5000000.0,0.0,0.0,0.17968750000000017,0.02054794520547945,0.10245901639344263,0.17551020408163265,0.0,0.22772277227722768,0.07692307692307698,0.07692307692307694,0.19999999999999998,0.060817547281505686,0.037788066760230436
364.0,Steven Adams,32.0,HOU,C,32.0,11.0,22.8,2.2,4.3,0.504,0.0,0.0,,2.2,4.3,0.504,0.504,1.5,2.5,0.58,4.5,4.1,8.6,1.5,0.7,0.6,1.1,1.7,5.8,,adamsst01,337.0,32.0,C,32.0,11.0,730.0,15.8,0.535,0.0,0.583,22.3,19.6,21.0,8.3,1.5,2.5,16.7,12.1,1.1,1.0,2.1,0.141,-0.1,-0.3,-0.5,0.3,,adamsst01,124,HOU,14130434.0,0.10101010101010102,0.27586206896551724,0.07421875000000007,0.12328767123287672,0.10245901639344263,0.5102040816326532,0.11538461538461539,0.5742574257425742,0.25339366515837114,0.46153846153846156,0.16666666666666666,0.17556669359814564,0.06629333701006176
366.0,Ryan Dunn,23.0,PHO,SF,70.0,16.0,19.4,2.3,5.2,0.453,0.8,2.4,0.331,1.5,2.8,0.56,0.53,0.3,0.7,0.489,1.4,2.8,4.2,1.5,0.9,0.4,0.8,1.9,5.8,,dunnry01,201.0,23.0,SF,70.0,16.0,1355.0,11.7,0.532,0.467,0.13,7.8,16.8,12.2,10.3,2.2,2.0,12.8,13.7,0.7,1.9,2.6,0.093,-2.1,1.2,-0.9,0.4,,dunnry01,337,PHO,2657760.0,0.24615384615384617,0.28800000000000003,0.26451612903225824,0.25000000000000006,0.07661290322580644,0.3511450381679389,0.14666666666666667,0.32222222222222224,0.17346938775510198,0.38888888888888884,0.30000000000000004,0.22535086837897195,0.23054182587822628
367.0,Anthony Gill,33.0,WAS,PF,55.0,8.0,17.3,2.5,3.9,0.628,0.3,0.9,0.354,2.1,3.0,0.707,0.667,0.6,0.8,0.739,1.1,1.8,2.9,1.3,0.6,0.4,0.7,1.6,5.8,,gillan01,290.0,33.0,PF,55.0,8.0,951.0,13.4,0.682,0.223,0.214,6.4,11.5,8.9,10.0,1.5,1.9,13.3,11.9,1.6,0.1,1.7,0.087,-1.3,-1.3,-2.6,-0.2,,gillan01,361,WAS,2296274.0,0.1372549019607843,0.1986754966887417,0.9426229508196725,0.1956521739130435,0.14843749999999997,0.2908366533864542,0.16363636363636364,0.0989010989010989,0.2835820895522388,0.26666666666666666,0.2105263157894737,0.2212677123391381,0.26617461468747783
368.0,Kris Murray,25.0,POR,SF,57.0,15.0,23.4,2.3,4.8,0.467,0.6,2.1,0.279,1.7,2.7,0.617,0.529,0.7,1.0,0.684,1.6,2.0,3.6,1.4,0.9,0.4,0.8,1.6,5.8,,murrakr01,207.0,25.0,SF,57.0,15.0,1333.0,9.6,0.55,0.442,0.207,7.2,9.6,8.4,8.1,1.8,1.5,13.5,10.6,0.9,1.3,2.2,0.079,-2.3,0.8,-1.5,0.2,,murrakr01,313,POR,3132000.0,0.21538461538461537,0.24,0.38064516129032283,0.21296296296296302,0.07661290322580644,0.5038167938931297,0.13333333333333333,0.25555555555555554,0.06632653061224485,0.38888888888888884,0.30000000000000004,0.21065553944276638,0.18451497486263144
369.0,Matisse Thybulle,28.0,POR,SG,30.0,0.0,16.0,1.9,4.5,0.433,1.2,3.1,0.398,0.7,1.4,0.512,0.571,0.7,0.8,0.84,0.6,1.4,2.0,0.9,2.0,0.5,0.9,1.4,5.8,,thybuma01,389.0,28.0,SG,30.0,0.0,480.0,14.5,0.6,0.694,0.187,3.8,9.6,6.7,7.7,6.0,3.0,16.2,14.7,0.2,1.0,1.3,0.126,-1.7,6.1,4.4,0.8,,thybuma01,154,POR,11550000.0,0.40350877192982454,0.9435483870967742,0.5781990521327015,0.2580645161290323,0.11877394636015323,0.2181069958847737,0.05555555555555556,0.1724137931034483,0.4615384615384616,1.0,0.3846153846153846,0.4274408417490874,0.17470200103811398
371.0,Dean Wade,29.0,CLE,PF,59.0,38.0,22.3,2.1,4.7,0.439,1.2,3.3,0.362,0.9,1.4,0.622,0.567,0.5,0.6,0.711,0.9,3.3,4.2,1.5,0.7,0.4,0.3,1.5,5.8,,wadede01,212.0,29.0,PF,59.0,38.0,1318.0,10.9,0.58,0.705,0.137,4.4,16.1,10.3,8.3,1.6,1.7,5.1,9.9,1.7,1.4,3.1,0.114,-0.8,1.0,0.2,0.7,,wadede01,223,CLE,6623456.0,0.3137254901960784,0.3841059602649007,0.5245901639344261,0.3478260869565218,0.14843749999999997,0.4900398406374502,0.2,0.2417582417582418,0.1902985074626866,0.3333333333333333,0.2105263157894737,0.2922476553739464,0.1545779027899528
374.0,Karlo Matković,24.0,NOP,PF,62.0,2.0,14.7,2.3,3.8,0.604,0.6,1.5,0.422,1.7,2.3,0.717,0.685,0.5,0.7,0.732,1.2,2.5,3.7,0.8,0.4,0.9,0.5,1.7,5.7,,matkoka01,297.0,24.0,PF,62.0,2.0,912.0,16.5,0.696,0.383,0.174,8.4,18.8,13.5,7.7,1.3,5.6,11.8,13.1,1.8,0.9,2.7,0.141,0.2,0.4,0.7,0.6,,matkoka01,430,NOP,1955377.0,0.2941176470588235,0.41721854304635764,1.0,0.3043478260869566,0.14453125,0.18725099601593623,0.07272727272727274,0.18681318681318684,0.39925373134328357,0.13333333333333333,0.4736842105263158,0.3184254722076794,0.4748486998511567
375.0,Doug McDermott,34.0,SAC,SF,29.0,0.0,15.1,1.9,4.8,0.388,1.7,4.2,0.39,0.2,0.6,0.375,0.561,0.3,0.3,0.889,0.2,1.0,1.3,0.8,0.2,0.1,0.4,1.0,5.7,,mcderdo01,398.0,34.0,SF,29.0,0.0,439.0,8.6,0.574,0.885,0.065,1.7,7.9,4.7,6.8,0.7,0.8,8.3,15.1,0.2,-0.1,0.2,0.018,-1.4,-3.0,-4.4,-0.3,,mcderdo01,369,SAC,2296274.0,0.13846153846153844,0.007999999999999972,0.5354838709677416,0.027777777777777783,0.07258064516129033,0.18702290076335878,0.05333333333333334,0.0,0.01530612244897954,0.0,0.0,0.10282250721413838,0.123690623225568
376.0,Yves Missi,21.0,NOP,C,66.0,14.0,19.7,2.4,4.5,0.544,0.0,0.0,0.0,2.4,4.4,0.546,0.544,0.9,1.5,0.559,2.8,3.1,5.8,1.3,0.3,1.5,0.8,1.7,5.7,,missiyv01,216.0,21.0,C,66.0,14.0,1297.0,15.0,0.556,0.003,0.347,15.0,17.0,16.0,8.6,0.7,7.4,13.7,12.6,1.6,1.1,2.7,0.098,-1.4,-0.3,-1.7,0.1,,missiyv01,307,NOP,3353040.0,0.08080808080808081,0.21674876847290642,0.15625000000000014,0.16438356164383564,0.09836065573770494,0.3836734693877551,0.09615384615384617,0.29702970297029696,0.21719457013574667,0.15384615384615385,0.4666666666666666,0.15759028586845514,0.13025418013209047
377.0,Mitchell Robinson,27.0,NYK,C,60.0,16.0,19.6,2.5,3.4,0.723,0.0,0.0,,2.5,3.4,0.723,0.723,0.7,1.7,0.408,4.2,4.6,8.8,0.9,0.9,1.2,0.7,2.1,5.7,6MOY-8,robinmi01,241.0,27.0,C,60.0,16.0,1175.0,21.1,0.676,0.0,0.5,23.9,26.1,25.0,5.8,2.4,6.1,14.0,10.7,3.3,2.5,5.8,0.236,1.9,1.5,3.5,1.6,6MOY-8,robinmi01,141,NYK,12954546.0,0.23232323232323235,0.47290640394088673,0.6250000000000001,0.3767123287671233,0.09836065573770494,0.379591836734694,0.05769230769230771,0.594059405940594,0.49321266968325805,0.6153846153846155,0.36666666666666664,0.3157649422007417,0.12327601183064794
378.0,Guerschon Yabusele,30.0,2TM,C,67.0,19.0,15.0,1.9,4.7,0.401,1.0,2.9,0.352,0.8,1.7,0.483,0.511,0.8,1.1,0.75,0.8,2.7,3.5,0.9,0.4,0.2,0.6,1.2,5.6,,yabusgu01,277.0,30.0,C,67.0,19.0,1007.0,11.1,0.543,0.628,0.231,6.1,19.0,12.6,8.3,1.2,1.5,10.7,16.1,0.4,1.0,1.4,0.067,-1.7,-0.5,-2.2,-0.1,,yabusgu01,249,CHI,5500000.0,0.060606060606060615,0.1921182266009852,0.1054687500000001,0.07534246575342465,0.0942622950819672,0.19183673469387755,0.05769230769230771,0.06930693069306931,0.04072398190045251,0.23076923076923084,0.03333333333333333,0.09518632680615174,0.05583600723152417
379.0,Terrence Shannon Jr.,25.0,MIN,SG,43.0,2.0,12.5,1.8,4.0,0.45,0.7,1.8,0.408,1.1,2.2,0.484,0.541,1.3,1.6,0.8,0.2,0.9,1.1,0.9,0.3,0.0,0.6,1.2,5.6,,shannte01,372.0,25.0,SG,43.0,2.0,538.0,11.1,0.597,0.444,0.409,2.1,7.8,5.0,9.5,1.2,0.2,10.6,17.7,0.6,0.4,1.0,0.09,-2.5,-1.1,-3.6,-0.2,,shannte01,336,MIN,2674080.0,0.22807017543859648,0.29838709677419356,0.5639810426540285,0.22580645161290328,0.11111111111111109,0.0740740740740741,0.05555555555555556,0.017241379310344845,0.2435897435897436,0.05555555555555554,0.0,0.20221532385695276,0.20558582200528017
380.0,Dru Smith,28.0,MIA,SG,70.0,1.0,16.3,1.9,4.6,0.415,0.5,1.8,0.295,1.4,2.8,0.495,0.474,1.2,1.5,0.829,0.9,1.6,2.5,2.6,1.4,0.3,0.8,1.6,5.6,,smithdr01,253.0,28.0,SG,70.0,1.0,1141.0,14.5,0.532,0.397,0.323,5.6,10.2,7.9,20.0,4.1,1.6,12.9,15.2,1.2,1.9,3.0,0.127,-1.5,3.6,2.2,1.2,,smithdr01,347,MIA,2378870.0,0.4736842105263158,0.7661290322580646,0.255924170616114,0.44086021505376344,0.11111111111111109,0.2304526748971194,0.37037037037037035,0.25862068965517243,0.4615384615384616,0.6666666666666666,0.23076923076923075,0.40201209318623005,0.46388209641585687
383.0,Aaron Holiday,29.0,HOU,PG,57.0,1.0,13.7,1.8,4.4,0.417,1.2,3.0,0.394,0.7,1.4,0.463,0.55,0.6,0.7,0.854,0.2,0.8,1.0,1.1,0.5,0.1,0.7,1.3,5.5,,holidaa01,329.0,29.0,PG,57.0,1.0,781.0,10.1,0.578,0.675,0.163,1.9,6.3,4.1,10.2,1.7,0.6,12.3,16.6,0.7,0.7,1.4,0.088,-2.2,-0.2,-2.4,-0.1,,holidaa01,386,HOU,2296274.0,0.15957446808510636,0.2578947368421053,0.6266094420600856,0.17857142857142858,0.08196721311475409,0.12903225806451613,0.0,0.0,0.14814814814814814,0.05555555555555553,0.125,0.16858722916434266,0.20280247980903054
384.0,Jett Howard,22.0,ORL,SF,55.0,0.0,12.6,1.9,4.6,0.418,1.0,2.6,0.372,0.9,1.9,0.481,0.526,0.7,0.7,0.949,0.4,1.2,1.6,0.8,0.2,0.2,0.3,1.2,5.5,,howarje01,345.0,22.0,SF,55.0,0.0,695.0,11.2,0.561,0.578,0.155,3.7,10.4,7.0,9.3,0.7,1.4,5.3,17.2,0.7,0.5,1.3,0.087,-0.8,-1.1,-1.8,0.0,,howarje01,248,ORL,5529720.0,0.1846153846153846,0.21600000000000003,0.45161290322580677,0.12962962962962965,0.06451612903225806,0.09160305343511452,0.05333333333333334,0.03333333333333334,0.14795918367346933,0.0,0.1,0.15255680810371072,0.08920735118108306
386.0,Tre Mann,24.0,CHO,PG,53.0,1.0,12.6,2.1,5.7,0.36,0.9,2.9,0.323,1.1,2.8,0.399,0.442,0.4,0.5,0.852,0.4,1.4,1.7,1.6,0.5,0.1,1.0,1.3,5.5,,manntr01,351.0,24.0,PG,53.0,1.0,669.0,8.3,0.462,0.512,0.089,3.4,11.9,7.8,18.7,1.9,0.7,14.6,23.3,-0.8,0.7,0.0,-0.003,-4.5,-0.8,-5.3,-0.5,,manntr01,202,CHO,8000000.0,0.11702127659574468,0.10526315789473684,0.12875536480686706,0.09523809523809523,0.08196721311475409,0.08960573476702509,0.056818181818181816,0.09589041095890409,0.0740740740740741,0.05555555555555553,0.125,0.0999923501467197,0.04808615589450178
387.0,Baylor Scheierman,25.0,BOS,SG,77.0,20.0,18.6,2.0,4.3,0.453,1.3,3.2,0.399,0.7,1.2,0.6,0.599,0.4,0.4,0.903,0.7,2.8,3.5,1.5,0.5,0.1,0.6,1.4,5.5,,scheiba01,184.0,25.0,SG,77.0,20.0,1429.0,11.6,0.616,0.73,0.093,4.5,16.0,10.3,10.5,1.5,0.4,11.7,11.9,2.1,1.8,3.8,0.129,-0.7,1.3,0.6,0.9,,scheiba01,340,BOS,2619000.0,0.42105263157894735,0.6370967741935484,0.6540284360189575,0.5268817204301076,0.10727969348659003,0.3251028806584363,0.16666666666666666,0.4310344827586207,0.27564102564102566,0.16666666666666666,0.07692307692307693,0.34757827876826924,0.36101055535107
391.0,Sion James,23.0,CHO,SG,82.0,19.0,22.5,1.7,4.5,0.371,1.0,2.9,0.352,0.7,1.7,0.404,0.483,1.0,1.2,0.837,0.6,2.9,3.5,2.0,0.6,0.2,0.8,1.8,5.4,,jamessi01,108.0,23.0,SG,82.0,19.0,1843.0,8.3,0.531,0.634,0.263,3.1,14.3,8.8,11.4,1.4,1.0,13.5,11.0,1.1,1.9,3.1,0.08,-3.0,1.1,-2.0,0.0,,jamessi01,359,CHO,2296274.0,0.2631578947368421,0.4274193548387097,0.251184834123223,0.45161290322580655,0.10344827586206896,0.48559670781893005,0.25925925925925924,0.4310344827586207,0.06410256410256417,0.2222222222222222,0.15384615384615385,0.2401702512862527,0.2889134768905256
394.0,Jordan Walsh,21.0,BOS,PF,68.0,25.0,17.8,2.0,3.9,0.509,0.7,1.8,0.384,1.3,2.1,0.62,0.599,0.6,0.8,0.772,1.3,2.8,4.0,0.8,0.7,0.5,0.5,2.0,5.4,,walshjo01,229.0,21.0,PF,68.0,25.0,1212.0,13.1,0.623,0.468,0.213,7.9,16.6,12.3,5.8,2.0,2.6,10.7,11.7,1.9,1.9,3.8,0.15,-1.4,1.6,0.2,0.7,,walshjo01,410,BOS,2221677.0,0.3137254901960784,0.3841059602649007,0.7008196721311477,0.4239130434782609,0.1328125,0.3107569721115538,0.07272727272727274,0.21978021978021978,0.27238805970149255,0.3333333333333333,0.2631578947368421,0.3036148693548236,0.380344735340432
395.0,Rayan Rupert,21.0,2TM,SG,64.0,8.0,16.8,1.9,4.9,0.393,0.7,2.1,0.324,1.2,2.8,0.446,0.463,0.7,0.8,0.778,0.8,2.2,2.9,1.1,0.9,0.1,0.9,1.9,5.2,,ruperra01,268.0,21.0,SG,64.0,8.0,1072.0,8.2,0.493,0.435,0.173,4.8,14.4,9.5,8.6,2.4,0.8,14.0,15.0,-0.5,1.1,0.6,0.026,-5.0,-0.1,-5.1,-0.8,,ruperra01,404,POR,2353647.0,0.12280701754385964,0.17741935483870971,0.071090047393365,0.18279569892473121,0.09578544061302681,0.2510288065843622,0.0925925925925926,0.3275862068965517,0.05769230769230767,0.38888888888888884,0.07692307692307693,0.13418703645177915,0.15676677598114128
397.0,Drew Eubanks,28.0,SAC,C,42.0,11.0,13.1,2.2,3.7,0.596,0.0,0.2,0.143,2.2,3.5,0.617,0.599,0.8,1.4,0.561,0.9,2.1,3.0,0.5,0.4,0.6,0.7,1.4,5.2,,eubandr01,368.0,28.0,C,42.0,11.0,552.0,13.6,0.605,0.045,0.365,7.7,18.3,12.9,5.0,1.3,4.3,14.2,16.3,0.3,0.3,0.6,0.053,-3.0,-0.7,-3.7,-0.2,,eubandr01,370,SAC,2296274.0,0.050505050505050504,0.11822660098522167,0.3476562499999999,0.02054794520547945,0.07786885245901641,0.11428571428571425,0.019230769230769235,0.019801980198019816,0.15384615384615388,0.23076923076923084,0.16666666666666666,0.10445410399806306,0.12565335714953446
400.0,Asa Newell,20.0,ATL,PF,44.0,2.0,11.4,2.1,3.8,0.538,0.7,1.7,0.387,1.4,2.1,0.66,0.624,0.4,0.7,0.552,1.0,1.2,2.2,0.6,0.4,0.3,0.5,1.5,5.2,,newelas01,379.0,20.0,PF,44.0,2.0,500.0,14.2,0.624,0.444,0.172,9.4,11.5,10.4,7.2,1.5,2.7,11.2,17.1,0.6,0.6,1.2,0.113,-1.0,-0.5,-1.5,0.1,,newelas01,311,ATL,3237480.0,0.196078431372549,0.271523178807947,0.7049180327868854,0.14130434782608697,0.125,0.0557768924302789,0.036363636363636355,0.021978021978021997,0.3134328358208955,0.13333333333333333,0.15789473684210525,0.21178441960421085,0.18027347294118135
401.0,Jalen Pickett,26.0,DEN,SG,50.0,18.0,16.1,2.0,4.6,0.422,1.0,2.5,0.386,1.0,2.1,0.467,0.528,0.3,0.4,0.789,0.4,1.9,2.3,2.3,0.3,0.1,0.7,0.8,5.2,,pickeja02,327.0,26.0,SG,50.0,18.0,807.0,10.3,0.541,0.547,0.082,2.6,12.7,7.9,18.4,0.8,0.6,12.4,14.8,0.6,0.4,1.0,0.059,-1.1,-1.1,-2.3,-0.1,,pickeja02,407,DEN,2221677.0,0.24561403508771928,0.40322580645161293,0.298578199052133,0.22580645161290328,0.09578544061302681,0.2222222222222223,0.31481481481481477,0.22413793103448273,0.1923076923076924,0.05555555555555554,0.07692307692307693,0.20862962554753223,0.2613547217949815
402.0,Marcus Sasser,25.0,DET,PG,38.0,5.0,12.0,1.8,4.7,0.39,1.2,2.8,0.415,0.7,1.9,0.352,0.514,0.4,0.5,0.833,0.2,0.8,1.0,2.0,0.5,0.1,0.8,1.1,5.2,,sassema01,392.0,25.0,PG,38.0,5.0,457.0,11.2,0.533,0.599,0.102,1.7,7.7,4.8,21.9,2.1,0.9,14.4,19.6,0.2,0.6,0.8,0.085,-1.6,-0.2,-1.7,0.0,,sassema01,324,DET,2886720.0,0.1702127659574468,0.29473684210526313,0.4334763948497855,0.14285714285714288,0.07213114754098361,0.06810035842293909,0.10227272727272725,0.0,0.19341563786008226,0.05555555555555553,0.125,0.1640654181741088,0.15476104348666683
404.0,Ochai Agbaji,25.0,2TM,SG,62.0,13.0,15.7,2.0,4.5,0.436,0.5,2.1,0.266,1.4,2.5,0.579,0.496,0.6,0.7,0.837,0.7,1.5,2.3,0.8,0.4,0.3,0.5,1.5,5.1,,agbajoc01,284.0,25.0,SG,62.0,13.0,973.0,8.9,0.525,0.457,0.154,5.3,11.5,8.3,6.8,1.2,1.7,9.4,14.6,0.1,0.8,0.9,0.046,-3.5,-0.5,-4.0,-0.5,,agbajoc01,227,BRK,6383525.0,0.17543859649122806,0.26612903225806456,0.22274881516587702,0.21505376344086025,0.09195402298850572,0.205761316872428,0.03703703703703705,0.22413793103448273,0.10256410256410262,0.11111111111111112,0.23076923076923075,0.16593583871982304,0.0895150282695126
406.0,Johnny Furphy,21.0,IND,SG,35.0,21.0,18.4,2.0,4.3,0.47,0.7,2.0,0.324,1.3,2.2,0.603,0.547,0.5,1.0,0.486,0.9,3.5,4.4,1.2,0.6,0.2,0.8,1.9,5.1,,furphjo01,355.0,21.0,SG,35.0,21.0,643.0,9.2,0.547,0.477,0.235,5.3,20.9,12.9,8.6,1.5,0.9,15.0,12.8,0.0,0.5,0.5,0.036,-3.9,0.2,-3.7,-0.3,,furphjo01,425,IND,1955377.0,0.21052631578947367,0.2903225806451613,0.327014218009479,0.1720430107526882,0.09195402298850572,0.31687242798353904,0.1111111111111111,0.5862068965517242,0.12179487179487178,0.2222222222222222,0.15384615384615385,0.19288666200872434,0.28764024447684666
407.0,Jordan Hawkins,23.0,NOP,SG,51.0,1.0,13.6,1.8,5.0,0.366,0.9,2.6,0.348,0.9,2.4,0.385,0.457,0.5,0.5,0.852,0.4,1.3,1.7,0.8,0.3,0.2,0.7,0.6,5.1,,hawkijo01,346.0,23.0,SG,51.0,1.0,692.0,7.6,0.48,0.525,0.105,3.1,10.7,6.9,8.2,0.9,1.4,11.2,18.2,-0.6,0.2,-0.4,-0.029,-3.2,-3.0,-6.2,-0.7,,hawkijo01,271,NOP,4741320.0,0.14035087719298245,0.08870967741935482,0.009478672985782,0.07526881720430109,0.09195402298850572,0.11934156378600824,0.03703703703703705,0.12068965517241378,0.01923076923076922,0.05555555555555554,0.15384615384615385,0.09898219444914744,0.06360033649439165
408.0,Jericho Sims,27.0,MIL,C,67.0,19.0,19.7,2.2,2.8,0.784,0.0,0.0,,2.2,2.8,0.784,0.784,0.7,1.1,0.62,2.2,3.3,5.5,1.6,0.3,0.3,1.1,2.2,5.0,,simsje01,211.0,27.0,C,67.0,19.0,1318.0,12.9,0.772,0.0,0.384,12.7,19.0,15.9,10.7,0.7,1.3,25.8,9.8,2.5,0.7,3.2,0.117,-2.1,-0.9,-3.1,-0.4,,simsje01,346,MIL,2461463.0,0.0303030303030303,0.14778325123152708,1.0,0.1986301369863014,0.06967213114754099,0.3836734693877551,0.12500000000000003,0.2673267326732673,0.12217194570135753,0.15384615384615385,0.06666666666666667,0.14167682787320113,0.15728659636133777
409.0,Adem Bona,22.0,PHI,C,71.0,18.0,17.4,1.8,3.1,0.595,0.0,0.1,0.333,1.8,3.0,0.603,0.6,1.1,1.6,0.708,1.8,2.5,4.3,0.5,0.4,1.2,0.8,2.2,4.8,,bonaad01,225.0,22.0,C,71.0,18.0,1234.0,12.8,0.638,0.027,0.514,11.2,16.0,13.6,3.4,1.2,6.2,17.2,11.1,1.4,1.5,2.9,0.112,-3.2,0.3,-2.9,-0.3,,bonaad01,441,PHI,1955377.0,0.04040404040404041,0.15763546798029557,0.4765625,0.17808219178082194,0.06147540983606558,0.2897959183673469,0.019230769230769235,0.14851485148514848,0.1176470588235295,0.23076923076923084,0.36666666666666664,0.1310585741682131,0.1954397464394229
413.0,Lonzo Ball,28.0,CLE,PG,35.0,3.0,20.8,1.5,5.0,0.301,1.1,4.2,0.272,0.4,0.8,0.448,0.415,0.4,0.6,0.667,0.7,3.3,4.0,3.9,1.3,0.3,1.5,1.3,4.6,,balllo01,338.0,28.0,PG,35.0,3.0,728.0,9.5,0.432,0.835,0.119,3.9,17.2,10.6,22.6,3.0,1.2,21.9,13.7,-0.4,1.0,0.6,0.042,-2.9,1.8,-1.1,0.2,,balllo01,176,UTA,10000000.0,0.19148936170212766,0.32631578947368417,0.0,0.13095238095238096,0.05245901639344261,0.38351254480286745,0.3181818181818181,0.410958904109589,0.12345679012345678,0.49999999999999994,0.37499999999999994,0.1919635841219097,0.08336872531051606
419.0,Mike Conley,38.0,MIN,PG,54.0,15.0,18.4,1.3,4.0,0.335,1.0,3.1,0.337,0.3,0.9,0.327,0.465,0.8,0.9,0.9,0.3,1.4,1.7,2.9,0.6,0.3,0.6,1.6,4.5,,conlemi01,280.0,38.0,PG,54.0,15.0,991.0,9.4,0.517,0.772,0.233,2.0,8.2,5.2,19.5,1.7,1.2,12.5,11.5,0.9,1.0,1.9,0.092,-2.3,1.0,-1.3,0.2,,conlemi01,164,CHO,11499872.0,0.19148936170212766,0.3157894736842105,0.36480686695278974,0.20833333333333331,0.04918032786885246,0.2974910394265233,0.2045454545454545,0.09589041095890409,0.11934156378600824,0.11111111111111106,0.37499999999999994,0.1882075634577249,0.07706047439348922
420.0,Josh Okogie,27.0,HOU,SG,78.0,32.0,17.4,1.6,3.8,0.425,0.8,2.1,0.385,0.8,1.7,0.474,0.531,0.5,0.9,0.594,1.0,1.5,2.6,0.9,0.8,0.2,0.5,1.4,4.5,,okogijo01,202.0,27.0,SG,78.0,32.0,1354.0,9.9,0.544,0.548,0.235,6.7,9.6,8.2,6.4,2.3,1.1,11.2,11.3,1.1,1.6,2.7,0.095,-2.3,1.1,-1.2,0.3,,okogijo01,384,HOU,2296274.0,0.3157894736842105,0.49193548387096775,0.31279620853080603,0.4086021505376345,0.0689655172413793,0.27572016460905346,0.05555555555555556,0.27586206896551724,0.1666666666666667,0.33333333333333337,0.15384615384615385,0.26439453483436204,0.3180541466761629
422.0,Craig Porter Jr.,25.0,CLE,PG,64.0,3.0,17.9,1.8,4.0,0.45,0.5,1.5,0.355,1.3,2.6,0.503,0.514,0.4,0.6,0.6,1.3,2.1,3.4,3.2,0.9,0.6,0.9,1.1,4.5,,portecr01,251.0,25.0,PG,64.0,3.0,1148.0,13.7,0.524,0.36,0.155,8.2,12.9,10.5,22.4,2.4,3.1,17.6,12.3,1.3,1.5,2.8,0.116,0.0,1.9,2.0,1.2,,portecr01,413,CLE,2221677.0,0.2978723404255319,0.48947368421052634,0.39484978540772536,0.2619047619047619,0.04918032786885246,0.27956989247311825,0.23863636363636362,0.3287671232876712,0.2962962962962963,0.27777777777777773,0.7499999999999999,0.29087349365155807,0.36438334589982435
423.0,John Konchar,29.0,2TM,SG,56.0,8.0,19.9,1.7,3.6,0.472,0.5,1.8,0.283,1.2,1.8,0.66,0.543,0.6,0.8,0.727,1.3,3.0,4.3,2.1,1.5,0.7,0.6,1.4,4.4,,konchjo01,260.0,29.0,SG,56.0,8.0,1115.0,13.6,0.568,0.497,0.221,7.0,16.5,11.6,13.4,3.5,3.2,13.8,9.4,1.2,1.2,2.4,0.104,-1.3,2.2,0.9,0.8,,konchjo01,232,UTA,6165000.0,0.40350877192982454,0.6612903225806451,0.4265402843601895,0.37634408602150543,0.06513409961685825,0.37860082304526743,0.27777777777777773,0.5689655172413793,0.4038461538461539,0.7222222222222222,0.5384615384615384,0.3828769854470263,0.21050056775855136
425.0,Gabe Vincent,29.0,2TM,PG,53.0,7.0,16.6,1.4,4.1,0.352,1.1,3.3,0.341,0.3,0.8,0.395,0.488,0.4,0.4,0.87,0.3,0.7,1.0,1.4,0.5,0.1,0.5,1.5,4.4,,vincega01,309.0,29.0,PG,53.0,7.0,879.0,6.5,0.511,0.801,0.106,2.2,4.7,3.5,10.8,1.5,0.3,10.7,12.3,0.1,0.5,0.6,0.035,-3.8,-0.5,-4.3,-0.5,,vincega01,155,ATL,11500000.0,0.11702127659574468,0.15789473684210525,0.33905579399141633,0.13095238095238096,0.04590163934426231,0.23297491039426532,0.03409090909090907,0.0,0.0,0.05555555555555553,0.125,0.11010418040625454,0.045081300409714434
426.0,Mouhamed Gueye,23.0,ATL,PF,77.0,8.0,15.3,1.7,3.8,0.452,0.5,1.7,0.308,1.2,2.1,0.569,0.521,0.5,0.8,0.645,1.2,2.4,3.6,0.9,0.8,0.5,0.4,1.6,4.4,,gueyemo02,237.0,23.0,PF,77.0,8.0,1179.0,12.0,0.539,0.448,0.214,8.1,17.4,12.7,7.4,2.4,3.0,9.4,12.4,0.9,1.8,2.7,0.11,-2.6,1.3,-1.3,0.2,,gueyemo02,416,ATL,2221677.0,0.2156862745098039,0.2847682119205298,0.3565573770491805,0.3043478260869566,0.09375000000000001,0.21115537848605578,0.09090909090909091,0.17582417582417584,0.23134328358208955,0.4000000000000001,0.2631578947368421,0.22261226944664508,0.2788710740226201
429.0,Tyler Kolek,24.0,NYK,PG,62.0,1.0,11.7,1.7,4.0,0.435,0.7,1.8,0.386,1.0,2.2,0.478,0.524,0.2,0.3,0.7,0.3,1.3,1.6,2.7,0.4,0.1,0.9,1.0,4.4,,kolekty01,339.0,24.0,PG,62.0,1.0,727.0,12.5,0.533,0.46,0.081,2.5,12.7,7.5,31.7,1.5,0.6,17.6,18.4,0.6,0.8,1.4,0.093,-0.8,0.2,-0.6,0.3,,kolekty01,418,NYK,2191897.0,0.2021276595744681,0.3526315789473684,0.4334763948497855,0.17857142857142858,0.04590163934426231,0.05734767025089605,0.18181818181818182,0.08219178082191782,0.24691358024691357,0.0,0.125,0.17959929932295,0.22885673403968063
430.0,Jase Richardson,20.0,ORL,SG,54.0,0.0,10.9,1.6,3.5,0.473,0.5,1.5,0.354,1.1,2.0,0.56,0.548,0.6,0.9,0.717,0.4,0.8,1.2,1.1,0.4,0.0,0.5,1.0,4.4,,richaja02,363.0,20.0,SG,54.0,0.0,587.0,11.5,0.574,0.42,0.245,4.0,8.1,6.0,14.2,1.6,0.3,10.7,16.8,0.5,0.5,1.0,0.082,-1.9,-0.7,-2.5,-0.1,,richaja02,321,ORL,2983320.0,0.24561403508771928,0.38709677419354843,0.4549763033175355,0.22580645161290328,0.06513409961685825,0.008230452674897163,0.0925925925925926,0.03448275862068965,0.2692307692307693,0.11111111111111112,0.0,0.20463070248232754,0.18721300809557703
431.0,Jarred Vanderbilt,26.0,LAL,PF,65.0,3.0,17.4,1.7,3.7,0.471,0.4,1.5,0.293,1.3,2.2,0.596,0.531,0.5,0.9,0.589,1.2,3.3,4.5,1.3,0.8,0.3,0.9,1.6,4.4,,vandeja01,256.0,26.0,PF,65.0,3.0,1128.0,11.2,0.544,0.413,0.233,8.6,21.3,15.2,9.6,2.4,1.6,17.5,12.4,0.4,1.5,1.8,0.079,-2.4,0.9,-1.5,0.1,,vandeja01,153,LAL,11571429.0,0.196078431372549,0.271523178807947,0.37704918032786905,0.2065217391304348,0.09375000000000001,0.294820717131474,0.16363636363636364,0.27472527472527475,0.2014925373134328,0.4000000000000001,0.15789473684210525,0.2064933412641243,0.08433328514144914
434.0,Josh Green,25.0,CHO,SG,58.0,0.0,15.7,1.4,3.1,0.459,1.0,2.4,0.42,0.4,0.7,0.581,0.619,0.4,0.5,0.893,0.8,1.0,1.8,0.8,0.6,0.1,0.6,1.1,4.3,,greenjo02,298.0,25.0,SG,58.0,0.0,908.0,9.7,0.644,0.762,0.155,5.7,7.0,6.3,6.8,1.9,0.6,15.3,10.6,1.0,0.9,1.9,0.099,-1.7,1.0,-0.7,0.3,,greenjo02,134,CHO,13666667.0,0.3157894736842105,0.5322580645161291,0.7867298578199056,0.32258064516129037,0.06130268199233715,0.205761316872428,0.03703703703703705,0.13793103448275862,0.15384615384615383,0.2222222222222222,0.07692307692307693,0.2721081299741156,0.10405824583675219
436.0,Yanic Konan Niederhäuser,22.0,LAC,C,41.0,0.0,10.3,1.6,2.4,0.64,0.0,0.1,0.2,1.5,2.3,0.663,0.645,1.1,1.5,0.758,0.9,2.0,2.9,0.3,0.1,0.7,0.6,1.6,4.3,,konanya01,402.0,22.0,C,41.0,0.0,424.0,16.4,0.691,0.05,0.62,10.4,21.4,16.0,4.1,0.6,6.7,15.3,15.7,0.8,0.5,1.3,0.152,-2.6,0.4,-2.2,0.0,,konanya01,332,LAC,2743800.0,0.07070707070707072,0.1921182266009852,0.6835937499999998,0.0684931506849315,0.04098360655737705,0.0,0.0,0.009900990099009908,0.28054298642533937,0.0,0.19999999999999998,0.12781466239582917,0.1266314408905815
443.0,Carter Bryant,20.0,SAS,PF,71.0,0.0,11.5,1.5,3.7,0.408,0.7,2.2,0.335,0.8,1.5,0.509,0.506,0.4,0.6,0.714,0.5,2.0,2.5,0.7,0.2,0.3,0.5,1.3,4.2,,bryanca01,325.0,20.0,PF,71.0,0.0,818.0,9.9,0.526,0.585,0.158,5.1,17.9,11.7,7.5,0.9,2.5,10.4,16.3,0.1,1.2,1.3,0.076,-3.1,0.2,-3.0,-0.2,,bryanca01,269,SAS,4900320.0,0.1372549019607843,0.17218543046357615,0.3032786885245903,0.1521739130434783,0.0859375,0.0597609561752988,0.054545454545454536,0.054945054945054944,0.1529850746268657,0.0,0.15789473684210525,0.13139918092459232,0.08267736666016036
445.0,Dalton Knecht,24.0,LAL,SF,54.0,1.0,10.2,1.6,3.5,0.455,0.7,2.1,0.342,0.9,1.5,0.613,0.555,0.3,0.4,0.727,0.3,1.1,1.4,0.4,0.2,0.2,0.4,0.8,4.2,,knechda01,367.0,24.0,SF,54.0,1.0,553.0,10.1,0.568,0.581,0.115,3.1,12.5,8.0,5.3,1.0,1.8,10.3,17.7,0.1,0.4,0.4,0.038,-2.1,-1.6,-3.6,-0.2,,knechda01,285,LAL,4010160.0,0.15384615384615385,0.072,0.49677419354838676,0.0462962962962963,0.012096774193548397,0.0,0.0,0.011111111111111096,0.0918367346938775,0.0,0.1,0.10480270664648544,0.07546108635513459
448.0,Nicolas Batum,37.0,LAC,PF,74.0,6.0,17.5,1.3,3.2,0.403,1.2,3.1,0.404,0.1,0.1,0.4,0.597,0.1,0.1,0.818,0.3,2.2,2.5,0.9,0.6,0.3,0.5,1.4,4.0,,batumni01,217.0,37.0,PF,74.0,6.0,1295.0,8.4,0.603,0.958,0.046,2.1,14.1,8.3,6.5,1.8,1.7,13.2,9.6,0.6,1.2,1.8,0.066,-1.7,0.7,-1.0,0.3,,batumni01,247,LAC,5601600.0,0.2352941176470588,0.304635761589404,0.6188524590163935,0.2065217391304348,0.078125,0.298804780876494,0.09090909090909091,0.054945054945054944,0.09701492537313434,0.26666666666666666,0.15789473684210525,0.2155800289993291,0.12511519969554127
449.0,Tony Bradley,28.0,2TM,C,41.0,4.0,11.0,1.6,2.9,0.547,0.0,0.1,0.5,1.5,2.8,0.549,0.556,0.8,1.0,0.744,1.5,1.4,2.8,0.5,0.1,0.2,0.4,1.5,4.0,,bradlto01,395.0,28.0,C,41.0,4.0,450.0,12.8,0.596,0.034,0.368,14.2,13.8,14.0,6.9,0.6,1.3,11.7,14.5,0.7,0.2,0.9,0.099,-2.5,-1.7,-4.2,-0.3,,bradlto01,323,IND,3204816.0,0.04040404040404041,0.09359605911330048,0.31249999999999983,0.04109589041095891,0.028688524590163942,0.028571428571428546,0.019230769230769235,0.0,0.1176470588235295,0.0,0.03333333333333333,0.061778463468915946,0.053044447090782196
450.0,Jaylen Clark,24.0,MIN,SG,68.0,1.0,13.1,1.5,3.4,0.434,0.5,1.5,0.327,1.0,1.9,0.52,0.507,0.6,1.0,0.657,0.8,1.0,1.8,0.6,0.7,0.1,0.3,1.3,4.0,,clarkja02,306.0,24.0,SG,68.0,1.0,888.0,10.3,0.534,0.443,0.294,6.8,8.0,7.4,6.3,2.5,0.9,8.2,13.3,0.6,1.0,1.7,0.09,-3.2,0.7,-2.4,-0.1,,clarkja02,419,MIN,2191897.0,0.24561403508771928,0.39516129032258074,0.26540284360189603,0.3010752688172043,0.049808429118773936,0.09876543209876544,0.0,0.13793103448275862,0.1923076923076924,0.27777777777777773,0.07692307692307693,0.20567071632841988,0.2620785749385665
454.0,Hugo González,19.0,BOS,SF,74.0,3.0,14.6,1.6,3.3,0.476,0.6,1.6,0.362,1.0,1.8,0.577,0.561,0.2,0.4,0.5,0.8,2.5,3.3,0.5,0.6,0.3,0.5,1.7,3.9,,gonzahu01,264.0,19.0,SF,74.0,3.0,1084.0,10.2,0.561,0.472,0.106,6.4,18.3,12.5,4.8,2.0,2.0,12.9,11.8,0.5,1.7,2.2,0.099,-3.1,1.6,-1.5,0.1,,gonzahu01,329,BOS,2783880.0,0.2,0.24,0.45161290322580677,0.21296296296296302,0.0,0.16793893129770995,0.01333333333333333,0.2222222222222222,0.09693877551020402,0.2222222222222222,0.19999999999999998,0.1664307285364555,0.1625545124616005
455.0,Caleb Martin,30.0,DAL,SF,58.0,12.0,14.8,1.5,3.3,0.45,0.3,1.0,0.351,1.1,2.3,0.492,0.503,0.6,1.1,0.607,0.5,2.0,2.5,1.4,0.7,0.3,0.7,1.5,3.9,,martica02,315.0,30.0,SF,58.0,12.0,856.0,9.3,0.526,0.302,0.323,3.5,14.1,8.8,12.4,2.2,1.5,15.6,12.5,-0.1,0.9,0.9,0.048,-4.0,1.7,-2.2,0.0,,martica02,178,DAL,9594044.0,0.1846153846153846,0.184,0.22580645161290339,0.0925925925925926,0.0,0.17557251908396954,0.13333333333333333,0.13333333333333333,0.051020408163265314,0.27777777777777773,0.19999999999999998,0.1367048924850733,0.06045832721018147
457.0,Clint Capela,31.0,HOU,C,75.0,3.0,12.3,1.6,3.0,0.52,0.0,0.0,0.5,1.6,3.0,0.52,0.522,0.6,1.0,0.577,2.1,2.5,4.6,0.7,0.5,0.8,0.5,1.0,3.8,,capelca01,294.0,31.0,C,75.0,3.0,926.0,17.9,0.54,0.009,0.344,19.4,21.8,20.6,7.1,1.9,6.3,13.6,13.7,1.3,1.7,3.0,0.156,-0.5,0.9,0.4,0.6,,capelca01,220,HOU,6700000.0,0.13131313131313133,0.3201970443349754,0.09375000000000008,0.18493150684931509,0.020491803278688527,0.0816326530612245,0.038461538461538464,0.17821782178217818,0.34841628959276016,0.30769230769230776,0.23333333333333336,0.16198628005491628,0.08516147368480258
461.0,Dalen Terry,23.0,2TM,SG,48.0,0.0,11.5,1.4,3.2,0.439,0.5,1.4,0.364,0.9,1.9,0.494,0.516,0.3,0.6,0.533,0.5,1.3,1.8,1.4,0.6,0.3,0.5,1.0,3.7,,terryda01,369.0,23.0,SG,48.0,0.0,551.0,11.6,0.523,0.426,0.194,5.1,11.6,8.3,16.0,2.5,2.4,13.4,14.8,0.2,0.6,0.7,0.063,-2.4,0.8,-1.7,0.0,,terryda01,254,NOP,5399118.0,0.2631578947368421,0.4516129032258065,0.21327014218009502,0.19354838709677422,0.038314176245210725,0.03292181069958851,0.14814814814814814,0.13793103448275862,0.27564102564102566,0.2222222222222222,0.23076923076923075,0.2171300809420157,0.12876615821298812
463.0,Larry Nance Jr.,33.0,CLE,PF,35.0,3.0,12.8,1.5,3.5,0.419,0.6,1.8,0.333,0.9,1.7,0.508,0.504,0.2,0.4,0.462,0.8,1.8,2.7,1.0,0.6,0.2,0.6,1.6,3.7,,nancela02,396.0,33.0,PF,35.0,3.0,449.0,9.5,0.505,0.508,0.105,7.1,15.6,11.4,9.7,2.2,1.3,13.4,14.0,0.0,0.5,0.6,0.06,-3.9,0.5,-3.4,-0.2,,nancela02,394,CLE,2296274.0,0.1372549019607843,0.1456953642384106,0.21721311475409838,0.07608695652173914,0.06640625,0.1115537848605578,0.10909090909090909,0.07692307692307694,0.13805970149253732,0.26666666666666666,0.10526315789473685,0.12853515629425924,0.1546217264992602
464.0,Zeke Nnaji,25.0,DEN,PF,52.0,4.0,12.0,1.4,2.9,0.47,0.3,1.0,0.259,1.1,1.9,0.588,0.517,0.7,0.8,0.773,0.6,2.0,2.6,0.6,0.3,0.5,0.5,1.4,3.7,,nnajize01,357.0,25.0,PF,52.0,4.0,626.0,10.3,0.558,0.358,0.291,6.2,17.6,12.2,5.9,1.3,3.6,13.7,13.7,0.2,0.7,0.9,0.066,-3.6,0.0,-3.5,-0.3,,nnajize01,200,DEN,8177778.0,0.11764705882352941,0.1390728476821192,0.434426229508197,0.10869565217391305,0.06640625,0.0796812749003984,0.036363636363636355,0.06593406593406595,0.16791044776119407,0.06666666666666665,0.2631578947368421,0.13278743603186746,0.06318937003585161
466.0,Jeremy Sochan,22.0,2TM,PF,44.0,0.0,10.7,1.5,2.9,0.496,0.3,1.0,0.244,1.2,1.9,0.631,0.539,0.4,0.6,0.731,0.8,1.6,2.4,0.9,0.4,0.2,0.5,1.4,3.6,,sochaje01,390.0,22.0,PF,44.0,0.0,469.0,12.2,0.563,0.349,0.202,8.7,16.0,12.4,11.2,1.8,1.4,13.0,14.6,0.5,0.7,1.2,0.12,-2.3,1.1,-1.2,0.1,,sochaje01,216,SAS,7874853.0,0.196078431372549,0.2913907284768212,0.4549180327868851,0.14130434782608697,0.0625,0.027888446215139414,0.09090909090909091,0.043956043956043946,0.2388059701492537,0.13333333333333333,0.10526315789473685,0.1772824867458087,0.08590622465441874
470.0,Keaton Wallace,26.0,ATL,PG,53.0,3.0,10.1,1.3,3.2,0.398,0.7,1.9,0.373,0.6,1.3,0.435,0.509,0.2,0.3,0.667,0.1,1.0,1.1,1.8,0.5,0.1,0.5,0.9,3.5,,wallake01,373.0,26.0,PG,53.0,3.0,536.0,10.4,0.52,0.596,0.105,0.6,10.9,5.7,22.5,2.1,0.8,13.5,16.1,0.1,0.6,0.7,0.066,-3.0,0.3,-2.7,-0.1,,wallake01,395,ATL,2296274.0,0.15957446808510636,0.2421052631578947,0.3776824034334764,0.1369047619047619,0.01639344262295082,0.0,0.07954545454545453,0.013698630136986313,0.16049382716049385,0.05555555555555553,0.125,0.13414679743090593,0.16137226593188184
476.0,Dorian Finney-Smith,32.0,HOU,PF,37.0,1.0,16.8,1.2,3.6,0.333,0.7,2.7,0.27,0.5,0.9,0.531,0.436,0.2,0.2,0.889,0.9,1.6,2.5,1.0,0.4,0.2,0.6,1.6,3.3,,finnedo01,359.0,32.0,PF,37.0,1.0,620.0,5.8,0.452,0.758,0.068,6.3,10.2,8.3,7.1,1.3,0.9,13.9,10.7,0.0,0.6,0.5,0.042,-4.3,-0.1,-4.3,-0.4,,finnedo01,143,HOU,12700000.0,0.0980392156862745,0.08609271523178808,0.0,0.06521739130434782,0.05078124999999999,0.2709163346613546,0.10909090909090909,0.054945054945054944,0.0,0.13333333333333333,0.10526315789473685,0.08181575787306351,0.03219062547300634
479.0,Dwight Powell,34.0,DAL,C,63.0,12.0,14.3,1.0,1.6,0.644,0.0,0.1,0.286,1.0,1.5,0.67,0.653,1.2,1.8,0.696,1.5,2.6,4.1,1.1,0.5,0.3,0.7,2.1,3.3,,poweldw01,302.0,34.0,C,63.0,12.0,904.0,12.6,0.699,0.069,1.109,11.3,18.7,15.1,9.5,1.8,2.0,21.4,8.9,1.6,1.0,2.6,0.138,-2.9,1.5,-1.4,0.1,,poweldw01,287,DAL,4000000.0,0.08080808080808081,0.2315270935960591,0.7148437499999998,0.15753424657534248,0.0,0.163265306122449,0.07692307692307694,0.1287128712871287,0.10859728506787333,0.30769230769230776,0.06666666666666667,0.13279538000205982,0.09579161809096856
482.0,Amir Coffey,28.0,2TM,SG,46.0,3.0,10.7,1.2,2.5,0.487,0.4,1.1,0.347,0.8,1.4,0.594,0.562,0.5,0.6,0.786,0.4,0.8,1.2,0.6,0.2,0.1,0.2,0.7,3.2,,coffeam01,385.0,28.0,SG,46.0,3.0,490.0,10.2,0.594,0.434,0.248,4.2,8.8,6.5,7.5,0.9,1.0,6.7,11.9,0.6,0.2,0.8,0.083,-2.2,-0.9,-3.1,-0.1,,coffeam01,373,PHO,2296274.0,0.24561403508771928,0.3387096774193548,0.5497630331753555,0.20430107526881724,0.019157088122605363,0.0,0.0,0.03448275862068965,0.18589743589743588,0.0,0.07692307692307693,0.18380640050526437,0.22111042462713223
488.0,Tyus Jones,29.0,3TM,PG,67.0,12.0,14.6,1.1,3.3,0.349,0.6,2.0,0.292,0.5,1.2,0.444,0.44,0.1,0.1,0.778,0.2,1.0,1.1,2.4,0.6,0.0,0.4,0.5,3.0,,jonesty01,282.0,29.0,PG,67.0,12.0,979.0,8.3,0.448,0.628,0.041,1.4,7.2,4.3,20.9,1.8,0.3,10.1,10.7,0.2,0.8,1.0,0.051,-2.9,0.5,-2.4,-0.1,,jonesty01,217,DAL,7000000.0,0.15957446808510636,0.2578947368421053,0.06866952789699576,0.15476190476190477,0.0,0.16129032258064516,0.1477272727272727,0.013698630136986313,0.0740740740740741,0.11111111111111106,0.0,0.11383958823893797,0.05850197569204519
507.0,Gary Harris,31.0,MIL,SG,48.0,2.0,13.8,1.0,2.2,0.442,0.6,1.4,0.412,0.4,0.8,0.5,0.577,0.2,0.2,0.889,0.3,0.9,1.3,1.1,0.6,0.2,0.4,1.1,2.7,,harriga01,352.0,31.0,SG,48.0,2.0,661.0,8.0,0.593,0.654,0.087,2.8,7.6,5.2,9.9,2.0,1.4,15.0,8.5,0.4,0.3,0.7,0.054,-3.2,0.7,-2.5,-0.1,,harriga01,299,MIL,3634153.0,0.24561403508771928,0.38709677419354843,0.5450236966824645,0.19354838709677422,0.0,0.1275720164609054,0.0925925925925926,0.05172413793103449,0.044871794871794886,0.2222222222222222,0.15384615384615385,0.1912723930026621,0.14822995964819813
510.0,Jonathan Isaac,28.0,ORL,PF,52.0,0.0,10.0,0.9,2.1,0.422,0.1,0.7,0.184,0.8,1.4,0.549,0.454,0.7,1.1,0.603,0.8,1.7,2.5,0.4,0.4,0.6,0.3,0.8,2.6,,isaacjo01,377.0,28.0,PF,52.0,0.0,521.0,11.5,0.498,0.349,0.532,9.1,19.3,14.1,5.6,1.8,5.4,11.8,12.4,0.1,0.8,0.9,0.085,-2.9,1.3,-1.6,0.1,,isaacjo01,118,ORL,15000000.0,0.196078431372549,0.2649006622516556,0.1885245901639344,0.10869565217391305,0.023437500000000003,0.0,0.0,0.054945054945054944,0.2126865671641791,0.13333333333333333,0.3157894736842105,0.15839082638974514,0.058488881160799054
535.0,Maxi Kleber,34.0,LAL,PF,43.0,1.0,10.7,0.8,1.7,0.452,0.1,0.6,0.231,0.6,1.1,0.574,0.493,0.3,0.6,0.538,0.8,1.1,2.0,0.6,0.4,0.3,0.4,1.4,2.0,,klebima01,391.0,34.0,PF,43.0,1.0,461.0,8.1,0.509,0.356,0.356,9.5,11.8,10.7,7.3,1.9,2.2,16.8,9.6,0.2,0.4,0.6,0.063,-4.2,0.3,-3.9,-0.2,,klebima01,162,LAL,11000000.0,0.1372549019607843,0.11258278145695362,0.23360655737704922,0.07608695652173914,0.0,0.027888446215139414,0.036363636363636355,0.0,0.08582089552238806,0.13333333333333333,0.15789473684210525,0.099320084898677,0.04141969252175444
